Data_ID,Global_ID,Timestamp,Lat,Lon,Status,Text_Model_Score,Has_Image,Has_Video,Img_Model_Score
1,{5AC8034E-5B46-4294-85F0-5B13117EBEFE},2020-01-15,48.980994,-122.688503,Positive ID,0.7442,True,False,0.2043
2,{5EAD3364-2CA7-4A39-9A53-7F9DCF5D2041},2020-01-15,48.971949,-122.700941,Positive ID,0.6089,True,False,0.2043
3,{13B67BCB-AFCE-4100-AD2B-76EF178BA228},2020-01-15,48.9392,-122.6613,Unverified,0.7939,True,False,0.2043
4,{124B9BFA-7F7B-4B8E-8A56-42E067F0F72E},2020-02-04,49.149394,-123.943134,Positive ID,0.5282,True,False,0.5522
5,{BBBA5BA0-CAFB-43D3-8F1D-FB2D9CF777E0},2020-02-14,48.723779,-122.354431,Unverified,0.4903,True,False,0.2043
6,{EB4746A1-5A8B-4D7D-9149-D560988238EC},2020-02-27,48.986176,-122.69745,Unverified,0.7954,False,False,0.1
7,{C4F44511-EA53-4FCF-9422-E1C57703720D},2020-02-29,48.729596,-122.480035,Negative ID,0.625,True,False,0.3203
8,{E6ADE6FB-0BD3-43EC-8E75-72EFC6F029FB},2020-03-02,48.186024,-122.34468,Unverified,0.4776,False,False,0.1
9,{89C867F1-D5ED-48C8-9586-B705F5DA9838},2020-03-18,47.395721,-123.105188,Negative ID,0.4648,True,False,0.2043
10,{81670D96-4143-47B1-A9C8-83977892D53F},2020-03-19,47.840041,-122.323562,Negative ID,0.4989,True,False,0.5522
11,{0AF6F3AA-8565-4B8F-8BF5-8D43D9677FE2},2020-03-19,47.487496,-118.958142,Unverified,0.3229,False,False,0.1
12,{630D20B9-8DD9-41E0-84FE-7C4F87C412E6},2020-03-19,48.419995,-122.33213,Unverified,0.3782,False,False,0.1
13,{D30895B7-3994-45A3-BD51-E5BA881833FD},2020-03-19,47.635058,-122.057332,Negative ID,0.3729,True,False,0.2043
14,{72E591F1-F42C-4754-94FF-DBDF791BBF2E},2020-03-21,48.93401,-122.48545,Unverified,0.3452,False,False,0.1
15,{1304CF55-4FF9-490F-AF5A-5719CD110A9D},2020-03-24,48.74361,-122.43905,Negative ID,0.5619,False,False,0.1
16,{4F753C6C-B49B-4C2D-AD30-8CDAF540DE9F},2020-03-28,47.936452,-122.137477,Unverified,0.3612,False,False,0.1
17,{9610DC8B-98D0-4C39-8235-55CE16B16F57},2020-03-29,47.887101,-121.972109,Unverified,0.379,False,False,0.1
18,{2BDDD0B5-3687-494E-BBAD-8FE8DC6F6542},2020-03-31,46.815183,-122.987709,Unverified,0.4325,False,False,0.1
19,{5AD8CAF4-AB96-4BFA-8A08-6010C96937F1},2020-03-31,46.609918,-120.563107,Negative ID,0.5801,True,False,0.2043
20,{8DFDA283-3AFD-4E9F-9878-7A0F22E1B917},2020-04-01,48.006763,-122.462053,Negative ID,0.5562,True,False,0.3203
21,{EAC16248-52B7-4B86-8BA3-0913E2EE3A3A},2020-04-03,47.665711,-122.326871,Unverified,0.7575,False,False,0.1
22,{825396BC-07DE-45EA-8EC4-1311B30C10B8},2020-04-04,48.857859,-121.844931,Unverified,0.3875,True,False,0.2043
23,{47D28B3C-3C0D-435E-99F1-2CFE2A0F82A0},2020-04-04,48.64683,-122.369771,Unverified,0.7116,False,False,0.1
24,{A0161ABC-0636-445B-A877-BBB2CA55EC8F},2020-04-05,46.240112,-122.915848,Unverified,0.4576,False,False,0.1
25,{AA08DB6A-08EF-4922-8D7E-AAFF5A9B8599},2020-04-06,47.526522,-122.324858,Unverified,0.5996,False,False,0.1
26,{22E3A08D-494C-4539-8894-FDC32F2C9855},2020-04-06,47.526507,-122.324826,Unverified,0.7093,False,False,0.1
27,{CBF357AE-C33D-48C4-A4E0-DFC79F7C11DC},2020-04-06,48.077702,-123.170761,Unverified,0.5112,False,False,0.1
28,{8BE98561-0104-44B6-98D2-1CB625378F9B},2020-04-06,47.156028,-123.013366,Negative ID,0.326,False,False,0.1
29,{C77D080B-8315-45F8-A0F1-33DEDC5D58C5},2020-04-07,47.370776,-120.138766,Unverified,0.7332,False,False,0.1
30,{BE0AD7A4-F4FD-40F7-979C-AE5F4470B1E4},2020-04-07,47.62986,-120.68945,Negative ID,0.579,True,False,0.2043
31,{EF1D664F-F908-4086-95C2-6C3B1A93FCB2},2020-04-07,47.766765,-122.552735,Negative ID,0.7037,True,False,0.5522
32,{B96D7B7E-8C04-4C89-88EE-656E8CF0FF6E},2020-04-07,47.179097,-122.235314,Unverified,0.38,False,False,0.1
33,{6FA5F703-E43F-4E6A-BA03-055385387E7E},2020-04-07,47.701216,-120.195674,Unverified,0.5417,False,False,0.1
34,{6B29A36C-EE9D-4188-849D-79E6A5A3D161},2020-04-07,47.296898,-119.500329,Unverified,0.3956,False,False,0.1
35,{46C10079-3B5B-49DE-B8F7-F1FBCB4BABD1},2020-04-07,45.710268,-120.696372,Unverified,0.645,False,False,0.1
36,{266F962C-6461-4A6D-8660-6AE608F41AB1},2020-04-07,47.77475,-122.213725,Unverified,0.3581,False,False,0.1
37,{4AA114DD-D296-47C6-A3BB-6E8E5A257DC3},2020-04-07,47.32299,-122.310432,Unverified,0.4614,False,False,0.1
38,{38994878-498E-4CDE-B4CE-2B0D581A19C5},2020-04-07,47.637224,-122.700911,Unverified,0.5962,False,False,0.1
39,{5F24255E-DACB-4FA1-A445-E084F631A843},2020-04-07,46.900618,-122.274347,Unverified,0.3953,True,False,0.2043
40,{DA399673-4CAD-40B7-97F8-52304BFF3845},2020-04-07,47.64322,-122.31986,Unverified,0.3202,False,False,0.1
41,{9E46DAE2-B75E-4708-94F8-54FFB3D867C3},2020-04-07,47.318978,-119.557481,Unverified,0.7402,False,False,0.1
42,{BEE96943-A647-46B0-85FA-6B02B961D195},2020-04-07,47.708791,-117.472206,Negative ID,0.6904,True,False,0.2043
43,{19E73846-F24B-4F31-9DD7-0FC59329434E},2020-04-07,47.222441,-122.397369,Unverified,0.7113,False,False,0.1
44,{C5B128DB-5AFA-4BEE-932C-C0CE907803E7},2020-04-07,47.541072,-120.282015,Unverified,0.3412,False,False,0.1
45,{AED5EB6F-DB33-4970-AEA0-100840AB6460},2020-04-07,48.006687,-121.982158,Unverified,0.5365,False,False,0.1
46,{934B1425-2699-4768-8373-EF66CDBAC631},2020-04-07,46.730802,-117.163984,Unverified,0.6035,False,False,0.1
47,{04A51FB3-705E-46B4-B80F-B3A29135B518},2020-04-08,47.941026,-122.235926,Unverified,0.3712,False,False,0.1
48,{044EEB7B-71E6-42B4-91BB-32CEC22E9F5B},2020-04-08,47.73284,-122.17959,Unverified,0.4201,False,False,0.1
49,{3A1CBF2E-E6F0-4728-A6B6-F57F29BF5B40},2020-04-08,47.221882,-119.99443,Negative ID,0.7792,True,False,0.5522
50,{C9587D29-D898-4CE0-8508-E31EF42AD20C},2020-04-08,47.328,-122.58004,Negative ID,0.3092,True,False,0.6681
51,{47BBB2BB-2996-4BF5-8329-73F28A7E5778},2020-04-08,47.8062,-122.1048,Unverified,0.6064,False,False,0.1
52,{931A8E3E-9FE2-4271-A386-867C76516779},2020-04-08,46.491849,-117.085127,Negative ID,0.3293,True,False,0.2043
53,{CE1A6C29-2394-48A7-A17F-0DFCF709954E},2020-04-08,47.288518,-122.252099,Unverified,0.7151,False,False,0.1
54,{AA6AE74F-0C8D-473E-9060-30C2CE574D59},2020-04-08,47.62986,-120.68945,Unverified,0.4878,False,False,0.1
55,{3AA62A75-F0A9-4DA2-B846-16A4325603D0},2020-04-08,47.473632,-122.106425,Unverified,0.6193,False,False,0.1
56,{620598A3-EE9C-4E4C-BAEC-39327473CF01},2020-04-08,47.440059,-122.220459,Unverified,0.7422,False,False,0.1
57,{0752FE56-5D25-489F-AC37-86E6FB0196AA},2020-04-08,47.530211,-119.492792,Unverified,0.6893,False,False,0.1
58,{1A098A5A-81AA-4721-A8A2-2CC8FD080895},2020-04-08,47.568036,-122.639598,Unverified,0.4747,False,False,0.1
59,{D50C4D53-441D-4FFD-93D8-DBB6ED4FADCF},2020-04-08,48.548358,-122.31711,Negative ID,0.6614,False,False,0.1
60,{71F72F7D-8270-4544-BC0F-B219CAFA123F},2020-04-08,46.500337,-117.774936,Unverified,0.4809,False,False,0.1
61,{AC3FE194-329E-4758-841D-88A6B2692211},2020-04-08,48.731977,-122.691497,Unverified,0.3985,False,False,0.1
62,{63BBFFBD-73DB-4CC9-AD84-42AB0FE8DE56},2020-04-08,46.729429,-120.556863,Negative ID,0.492,True,False,0.2043
63,{F3A14E04-0477-4C40-A87F-88ACC6D13869},2020-04-08,47.513367,-122.389528,Unverified,0.6365,False,False,0.1
64,{FCE0B369-AC4D-48CF-A318-7EAD391EEE81},2020-04-09,46.535196,-117.084754,Negative ID,0.5361,True,False,0.2043
65,{816D3E16-A9C7-4721-98E3-98244720AFCD},2020-04-09,46.713962,-117.173186,Unverified,0.4861,False,False,0.1
66,{ECAB40CB-30D1-4A69-960F-D1DF0FA08F06},2020-04-09,47.721485,-122.054518,Unverified,0.3744,False,False,0.1
67,{04A35B46-D137-4428-AB36-AACD8E1FCB7F},2020-04-09,47.749228,-122.338696,Unverified,0.3085,False,False,0.1
68,{ACF693FD-9B22-42F9-9762-AAF8A782FE4A},2020-04-09,47.770075,-122.264719,Unverified,0.3156,False,False,0.1
69,{B757C1C4-1B6E-4DF2-873B-FE0E670321EB},2020-04-09,47.67887,-122.20664,Unverified,0.5148,False,False,0.1
70,{7BCD90C8-1CAE-4214-B4E5-F90A0F759F10},2020-04-09,47.351682,-122.088907,Unverified,0.7945,False,False,0.1
71,{24787530-CACF-4C09-AD57-32E3B0127F56},2020-04-09,46.612154,-123.95825,Unverified,0.7192,False,False,0.1
72,{D0ACA64D-2369-4D88-954B-F864FFFA649F},2020-04-09,47.665299,-117.42232,Unverified,0.4247,False,False,0.1
73,{DA2999E6-B8F3-4BE9-B9E3-CB52F8F1C1DC},2020-04-09,46.940812,-119.963979,Unverified,0.4259,False,False,0.1
74,{FBAC17E5-3BBE-45B6-ABD8-AE1BF88C632E},2020-04-09,47.822687,-122.343588,Unverified,0.3715,False,False,0.1
75,{EFB94730-2810-4BBB-A708-66AAA805E857},2020-04-09,47.005477,-122.919675,Negative ID,0.7743,True,False,0.2043
76,{EAED92ED-D462-4BD1-9821-7F42D1055491},2020-04-09,48.66002,-123.396765,Unverified,0.6721,False,False,0.1
77,{330DF5BF-042A-43C3-97F3-5D5D3A6576A0},2020-04-10,47.241065,-122.269603,Unverified,0.6366,False,False,0.1
78,{28514DE9-92C7-45EB-A399-F9F9B0B280A7},2020-04-11,47.38077,-122.65212,Unverified,0.5944,False,False,0.1
79,{DF8041A1-A4C4-40F5-898E-775A7A6E5DB5},2020-04-11,46.521513,-117.012612,Unverified,0.5452,False,False,0.1
80,{192333AB-76D4-4536-B46F-D38F850C5536},2020-04-11,48.096743,-120.458737,Unverified,0.6992,False,False,0.1
81,{4AA1D6E7-90B2-44E8-80F1-F0981E70BADC},2020-04-11,47.613333,-122.19203,Unverified,0.3467,False,False,0.1
82,{4689DDB2-78D7-4219-ADB3-C2A3134A1359},2020-04-12,48.14981,-123.13306,Negative ID,0.7293,True,False,0.3203
83,{D6105319-F8F8-4E29-AC72-64BBCB08833A},2020-04-12,48.291902,-122.521527,Unverified,0.4037,False,False,0.1
84,{43481D0E-63CC-4E98-88A1-2176F4E893A6},2020-04-12,47.859496,-122.26428,Negative ID,0.4257,True,False,0.4362
85,{DB1012D6-4C92-4F0C-8086-32929E1AB020},2020-04-13,47.676217,-122.113955,Unverified,0.4517,False,False,0.1
86,{EF5051F6-1E6D-4A21-8F1C-A045E3DA56B4},2020-04-13,47.946801,-122.245689,Unverified,0.6747,False,False,0.1
87,{731D1EAC-C846-44A3-8780-3F9AF2568E54},2020-04-13,47.562359,-122.038914,Unverified,0.4338,False,False,0.1
88,{9700CFCE-AA79-46D4-B495-5C51ECEF3C55},2020-04-13,48.74478,-122.478403,Negative ID,0.6131,True,False,0.2043
89,{6837DBE5-8CB1-4913-A743-2B78C25D69AE},2020-04-13,47.916729,-124.530363,Unverified,0.4945,False,False,0.1
90,{E3C77A6C-8557-4CE0-AE46-EA14D63AC2BF},2020-04-13,47.665515,-122.33873,Negative ID,0.7668,True,False,0.2043
91,{2A65F013-7959-4B25-8D35-305012D6FF20},2020-04-13,47.669197,-122.289611,Unverified,0.6175,False,False,0.1
92,{E5AE6B3E-FB11-46CC-866F-D6B948BAEB8C},2020-04-13,47.243563,-122.340564,Unverified,0.6114,False,False,0.1
93,{DD71ED42-A272-45E1-A482-4306ED14D9CA},2020-04-13,48.493971,-122.629183,Unverified,0.3357,False,False,0.1
94,{7B407363-24DF-4E47-A515-5480DA03FB8B},2020-04-13,47.634119,-122.646627,Negative ID,0.3555,True,False,0.2043
95,{A2E73DE8-D26A-4BC8-A32D-D8E3268F2DEF},2020-04-13,48.736447,-122.46473,Unverified,0.4608,False,False,0.1
96,{D4204D03-FB96-44A8-9631-FC74AE5328AD},2020-04-14,47.643943,-122.623737,Negative ID,0.665,True,False,0.4362
97,{72428E4E-60A7-4273-9CC4-A53979B7DCEC},2020-04-14,48.734703,-122.668193,Unverified,0.5322,False,False,0.1
98,{22543402-23E2-431F-A1DC-6B91DFAEAB95},2020-04-14,47.639437,-122.385481,Unverified,0.7708,False,False,0.1
99,{EEAF1516-EB51-4D23-8F05-ACD23C94F583},2020-04-14,48.06114,-122.1769,Unverified,0.6636,False,False,0.1
100,{6A797976-1323-4D8E-B652-6B5422FFE2BA},2020-04-14,48.588408,-122.409922,Negative ID,0.7277,True,False,0.2043
101,{936ED6CF-642D-4FBD-9AC9-69BED4D4109C},2020-04-14,48.653248,-122.850697,Negative ID,0.4818,True,False,0.2524
102,{C688F9E8-0014-422F-B86F-14F3492DE339},2020-04-14,47.152745,-119.367377,Unverified,0.6026,False,False,0.1
103,{A9AAD4EC-96BB-4C80-8AA8-33E29E113F7B},2020-04-14,48.03966,-122.7768,Unverified,0.7686,False,False,0.1
104,{81B5EB5F-4F6E-4584-A6C8-EA84567B4718},2020-04-14,46.25472,-120.84395,Negative ID,0.7813,True,False,0.2043
105,{48CCE170-B732-4741-A52D-A8671715D7A3},2020-04-14,47.296322,-119.583179,Unverified,0.3733,False,False,0.1
106,{474A8B68-7221-4905-AFC8-27036610A3D8},2020-04-15,47.603492,-122.33652,Unverified,0.5965,False,False,0.1
107,{C4BA2CFE-55CE-4569-BFC9-89B4465252B1},2020-04-15,47.573024,-122.384369,Negative ID,0.7932,True,False,0.3477
108,{5939FD0A-B236-4F57-A4D8-31F4B423C5F0},2020-04-15,47.568535,-122.636847,Unverified,0.5951,False,False,0.1
109,{48804E03-CD10-4229-82CB-CD125BFC6D37},2020-04-15,48.85324,-122.601104,Negative ID,0.4893,True,False,0.2043
110,{6DB6BEA7-A49E-4A8D-BFE7-EE5242A109E2},2020-04-15,48.530016,-122.39823,Unverified,0.5599,False,False,0.1
111,{BA1BAD2A-841F-4793-A890-AABE24F66F52},2020-04-15,48.578994,-122.342321,Unverified,0.7449,False,False,0.1
112,{F11CA47E-4DD0-498D-875D-80D0986EA0F2},2020-04-15,48.73459,-122.460162,Unverified,0.7491,False,False,0.1
113,{0CB4EBA6-E80E-4B88-8236-3C8E72A2BA72},2020-04-15,47.31936,-119.55513,Negative ID,0.7726,True,False,0.2043
114,{8478B985-76DB-408F-8581-022AE3AED2E6},2020-04-15,48.823528,-122.326829,Negative ID,0.5436,False,False,0.1
115,{3CE3A39B-778B-4CE3-BBAF-EB9ED0D48C68},2020-04-15,48.823521,-122.32684,Negative ID,0.4576,True,False,0.2043
116,{7E547898-60CF-4290-8461-E6991270D651},2020-04-15,47.345423,-122.082943,Unverified,0.3947,False,False,0.1
117,{C02A4CB0-0D3F-4E52-9D30-858F9556EABA},2020-04-16,47.00083,-122.877588,Negative ID,0.7993,True,False,0.2043
118,{2EF375EB-2C48-497F-A5FA-A8838A9C4C64},2020-04-16,48.068763,-122.132522,Unverified,0.7009,False,False,0.1
119,{B632E3A4-AE71-48BD-A673-884E1CCF59E8},2020-04-16,47.676217,-122.113955,Unverified,0.4896,False,False,0.1
120,{2312FBBC-4CC6-4529-816A-5ED0192939E8},2020-04-17,49.0022,-122.42964,Unverified,0.5109,False,False,0.1
121,{536A7E41-B3F8-4850-840B-4910ABF50298},2020-04-17,47.234952,-120.006942,Negative ID,0.7208,True,False,0.2043
122,{D91109DA-8C76-45D5-B360-0A78C7DF8A19},2020-04-17,48.234785,-122.512932,Negative ID,0.6179,True,False,0.3203
123,{075F1540-FFC3-476E-9162-B930D695F546},2020-04-17,48.723593,-122.467507,Unverified,0.6895,False,False,0.1
124,{161A2B08-B79B-49DC-981F-FA347AB0334D},2020-04-17,48.93325,-122.72628,Unverified,0.6482,False,False,0.1
125,{1D066D77-AC48-4AE4-9722-B417325BF4B4},2020-04-17,48.786983,-122.464938,Negative ID,0.6753,False,False,0.1
126,{32475E51-FEA3-4B85-A229-4EB323EFAAD5},2020-04-17,47.767236,-122.203342,Negative ID,0.7936,True,False,0.2043
127,{94CC2E4B-A9C7-4CF2-AA38-64014B6F35C4},2020-04-17,47.683201,-117.290349,Unverified,0.4548,False,False,0.1
128,{0643853B-3A4B-41C3-A8A1-A4332651761F},2020-04-17,47.831406,-122.192662,Unverified,0.653,False,False,0.1
129,{F99DE2AD-9308-4B3E-A05A-0B24E1F189B5},2020-04-18,48.96192,-122.50711,Unverified,0.3314,False,False,0.1
130,{44911F51-A718-4D56-B9BA-883022A36656},2020-04-18,48.419991,-122.327865,Negative ID,0.5991,True,False,0.2043
131,{0E40ECA2-3A81-49F8-B5EE-2678AA3719C0},2020-04-18,47.192586,-121.972048,Unverified,0.4605,False,False,0.1
132,{A8B41FEE-F611-4EA7-982A-2897694D27B3},2020-04-18,48.874475,-122.58183,Negative ID,0.5235,False,False,0.1
133,{8F4C0AAA-D5C4-4352-9876-BBE7A953B008},2020-04-18,48.731766,-122.494206,Unverified,0.4017,False,False,0.1
134,{D69447EA-07C8-4505-948E-4F0E0E77FCC0},2020-04-19,48.931157,-122.548199,Negative ID,0.7559,True,False,0.2043
135,{8AB51F48-73F7-4804-AE9F-818269408CCB},2020-04-19,48.96684,-122.615869,Unverified,0.5568,False,False,0.1
136,{CEB2B438-B931-4DB4-8E2E-A64086824E66},2020-04-19,48.860105,-122.634026,Unverified,0.4789,False,False,0.1
137,{363B8679-6012-4377-997A-94E5F855FA7E},2020-04-19,47.62986,-120.68945,Negative ID,0.3225,True,False,0.2043
138,{DCE2AEB5-3762-48C0-9F40-3E370887DE4D},2020-04-19,46.585611,-120.4542,Negative ID,0.6635,True,False,0.3203
139,{9BAB11A6-84A4-4639-ABF4-E1ABF0D501CD},2020-04-20,48.176506,-122.527462,Negative ID,0.3562,True,False,0.3203
140,{530477A3-F552-4EC3-B0F3-829588D43BED},2020-04-20,48.138159,-122.457098,Negative ID,0.6303,False,False,0.1
141,{0858823D-36B2-4580-9621-F98DB25F9C54},2020-04-20,48.563552,-121.411273,Unverified,0.743,False,False,0.1
142,{66671FAA-CA94-4B20-A049-CC49459BFC01},2020-04-20,47.612591,-117.361804,Unverified,0.4434,False,False,0.1
143,{1FA9A882-6E7C-4DA5-AEDF-5B4B0BF837A2},2020-04-20,48.852465,-122.599719,Unverified,0.3947,False,False,0.1
144,{9459C11E-C2B4-42DA-A8A3-FDFAA678400E},2020-04-20,47.86406,-121.962161,Unverified,0.5458,False,False,0.1
145,{1FC586E5-8D49-4C0F-859B-9331A623446C},2020-04-21,48.13513,-122.466083,Negative ID,0.4761,False,False,0.1
146,{98D817B8-BB8B-4C31-9A42-DEED4491599C},2020-04-21,47.586052,-122.007302,Unverified,0.786,True,False,0.2043
147,{CBC205F4-4398-4E1F-B001-B2F627C09172},2020-04-21,47.449003,-122.674192,Unverified,0.6523,False,False,0.1
148,{C10A6385-1A9E-407C-B704-D4C92E0AD487},2020-04-21,46.825939,-119.928915,Negative ID,0.7571,True,False,0.2043
149,{01AA7FD6-8F00-4754-8E0F-A19DAAFBD823},2020-04-23,47.607667,-122.312902,Negative ID,0.3928,True,False,0.2043
150,{91EAC5B5-4D18-4115-8853-F4B9DD6CC8FD},2020-04-23,48.08848,-123.162659,Negative ID,0.4191,True,False,0.2043
151,{E20CCF23-D912-40F5-9797-9213539635D9},2020-04-24,46.655829,-118.8614,Unverified,0.4951,False,False,0.1
152,{1D72A873-78E1-4496-A84B-30D40637701C},2020-04-24,45.735789,-122.645845,Unverified,0.5057,False,False,0.1
153,{5B740387-81A0-4580-968F-C1BFC8A48F34},2020-04-24,47.172483,-122.285568,Negative ID,0.6917,True,False,0.2043
154,{978317A4-E259-4100-B323-43F6A113E936},2020-04-24,48.920181,-122.562214,Unverified,0.3759,False,False,0.1
155,{9ED9A420-7FB1-4CA1-97D1-BF13382D8E4D},2020-04-25,47.70145,-117.15638,Negative ID,0.4846,True,False,0.2043
156,{3E43FC08-D848-459F-AB6B-0D5FAE715E78},2020-04-25,48.728709,-122.495858,Unverified,0.6603,False,False,0.1
157,{CC2AC369-5A44-4F20-A12F-DBE4FBA8A7C4},2020-04-26,45.735873,-122.645621,Unverified,0.6794,True,False,0.2043
158,{0D27160B-9B8C-4966-89DE-F405557650F0},2020-04-26,48.83241,-122.5931,Negative ID,0.4256,True,False,0.2043
159,{1DEF08E5-9842-4CB4-89BF-718AEDD39319},2020-04-26,47.024366,-122.811665,Negative ID,0.4601,True,False,0.2043
160,{D35FE2FF-3E24-42ED-8160-FAB6E31845B9},2020-04-27,48.763386,-122.499319,Unverified,0.7135,False,False,0.1
161,{48FEAB78-E304-4394-A014-7E1DAEF3CC76},2020-04-28,47.640611,-122.519654,Unverified,0.6668,False,False,0.1
162,{05C58571-40F5-4D8D-BC65-D5FB86828EFE},2020-04-28,46.794961,-122.869575,Unverified,0.3588,False,False,0.1
163,{ED60E35F-CCC4-4C9B-8D50-CF7E961F967D},2020-04-29,48.960483,-122.458186,Unverified,0.3048,False,False,0.1
164,{9AD8FFD1-5618-4EC0-9809-FC46C00050AA},2020-04-30,47.82428,-122.878728,Unverified,0.4692,False,False,0.1
165,{8CA6DCEB-6EA0-4BB2-BED0-037E625A2272},2020-04-30,48.939921,-122.464611,Unverified,0.7253,False,False,0.1
166,{6870ECFA-3892-4707-9C25-67913D1F898E},2020-04-30,48.939921,-122.464611,Unverified,0.5164,False,False,0.1
167,{D1A5F20D-AE7B-413E-88E0-E26333EF95AA},2020-05-01,46.632813,-122.971509,Negative ID,0.531,True,False,0.2043
168,{04F2E344-3197-47E9-8CDA-3A467721E773},2020-05-01,47.217414,-122.447846,Unverified,0.3301,False,False,0.1
169,{37F7CCE0-29CA-43DE-97E4-EAC47D56DC44},2020-05-01,47.014372,-122.814362,Negative ID,0.5114,True,False,0.3203
170,{68F08D40-EB49-4E6C-9710-45353E8067D8},2020-05-02,47.976383,-122.3674,Unverified,0.6663,False,False,0.1
171,{4E4146F5-81D7-45FC-B286-269A824577C0},2020-05-02,48.69739,-122.30993,Unverified,0.5243,False,False,0.1
172,{8E876693-750D-483D-90AD-45A33C0615F9},2020-05-02,47.725219,-122.044406,Unverified,0.5957,False,False,0.1
173,{9E37A2AC-716C-4CE7-82F2-C29BE18253FA},2020-05-02,47.780824,-120.022073,Negative ID,0.5633,True,False,0.2043
174,{D89B500B-0A7E-4F45-8F0C-E34CC48125F4},2020-05-02,47.6743,-117.297248,Unverified,0.7698,False,False,0.1
175,{C77D32BA-621E-46A6-BF8E-832F26A1A39D},2020-05-02,48.888901,-122.466274,Unverified,0.4453,False,False,0.1
176,{D31E780D-733D-468F-836B-AE7E99437A54},2020-05-02,47.267176,-122.466823,Unverified,0.3301,False,False,0.1
177,{81C60C15-374F-4B6F-9091-1A00A53D8417},2020-05-02,48.78558,-122.96302,Unverified,0.6624,False,False,0.1
178,{3CC14D84-AEF0-45AE-93BC-FBB856634EC5},2020-05-02,48.424824,-122.290882,Unverified,0.3827,False,False,0.1
179,{AE374A59-74ED-4EAE-808E-5E44904E212E},2020-05-02,47.010402,-122.857612,Unverified,0.6586,False,False,0.1
180,{9E86397B-3813-4873-9510-AF7E664EE604},2020-05-02,47.010402,-122.857612,Unverified,0.3457,False,False,0.1
181,{26CDAA42-5C6F-48C0-8076-3599B8941AA6},2020-05-02,47.010359,-122.857551,Unverified,0.4255,False,False,0.1
182,{ECB890B2-6230-437F-AC3D-D1E018AF344B},2020-05-02,47.010366,-122.857981,Negative ID,0.501,True,False,0.2043
183,{65DF2118-DC2B-49EA-AE9D-9476612C0FB7},2020-05-02,47.373462,-120.141581,Negative ID,0.5589,True,False,0.3203
184,{B0F33694-1D9D-4245-BD52-3561BBA9E2DA},2020-05-02,47.44883,-122.45726,Unverified,0.7274,False,False,0.1
185,{99A3D7CE-BA86-4735-AADE-6F79BDA2BF56},2020-05-02,46.596612,-120.446389,Unverified,0.439,False,False,0.1
186,{6EFEECB0-C61F-4569-96B9-B0B608F1D1EF},2020-05-02,47.185779,-122.512439,Unverified,0.6025,False,False,0.1
187,{D4169A3E-ED15-461A-A2D8-5BA056784E69},2020-05-02,46.036705,-118.389327,Unverified,0.7447,False,False,0.1
188,{2260D365-2CA1-4C46-B485-EC1DF9401474},2020-05-02,47.896731,-122.323499,Unverified,0.7689,False,False,0.1
189,{3982DA63-03A8-45F4-BDB7-E95D3118430B},2020-05-02,48.584053,-122.232279,Negative ID,0.323,True,False,0.3203
190,{0B4B5AD0-31EA-4953-9356-D4BC4907C4C9},2020-05-03,47.577932,-122.613999,Unverified,0.4356,False,False,0.1
191,{AAD1CDC1-EB5B-4274-B789-F574D6D6CA3A},2020-05-03,48.725174,-122.503141,Unverified,0.6608,False,False,0.1
192,{57F0384B-53AE-4A4E-A417-951868E94C30},2020-05-03,47.27375,-122.65107,Unverified,0.5988,False,False,0.1
193,{791613DE-F116-4911-BDFC-AF803DD527C0},2020-05-03,47.580455,-122.389276,Unverified,0.781,False,False,0.1
194,{EF6BE331-16BB-493A-B9B8-2BDDB528AAEE},2020-05-03,45.654907,-122.689871,Unverified,0.4745,False,False,0.1
195,{688B2295-F19D-467C-A272-DCD2E46994BA},2020-05-03,48.359235,-119.689198,Unverified,0.3356,False,False,0.1
196,{562BBD1A-4C0C-4B9F-8B57-0E72296D56AF},2020-05-03,47.74937,-122.29647,Unverified,0.32,False,False,0.1
197,{87EB2DA1-92A9-4926-AF24-0182F5AF7AD3},2020-05-03,47.167341,-122.596678,Negative ID,0.3978,False,False,0.1
198,{7BF598E1-D0A7-4485-BC7F-9800EB56E033},2020-05-03,47.763623,-122.541143,Negative ID,0.4115,True,False,0.4362
199,{51B291B7-5EB2-4657-B918-C968EE9B4B14},2020-05-03,47.767266,-122.295459,Unverified,0.6989,False,False,0.1
200,{774D6FBE-7FAB-4592-A784-E30DF607B340},2020-05-03,47.46499,-122.2869,Unverified,0.6791,False,False,0.1
201,{3C363493-2F43-46E6-81B7-EE00EF686D3B},2020-05-03,48.279102,-121.753314,Unverified,0.3639,False,False,0.1
202,{0D71CF5C-65F6-47F2-88B6-ED4F3A38386E},2020-05-03,47.753368,-122.584119,Unverified,0.3107,False,False,0.1
203,{0D232BA7-97A5-4810-A7A6-A4F70BC16809},2020-05-03,47.59787,-122.62958,Negative ID,0.6934,True,False,0.2043
204,{17EBEDE2-7DFF-4342-A66E-376185CD95DE},2020-05-03,46.204805,-119.769015,Unverified,0.3746,False,False,0.1
205,{B20786E4-6394-4D39-BFC9-16E4736E747E},2020-05-03,47.690709,-117.281745,Unverified,0.5156,False,False,0.1
206,{43506835-18B8-46B2-A2CB-586AF9C8ECE6},2020-05-03,48.152056,-117.260089,Negative ID,0.3268,True,False,0.6681
207,{9E916BFA-D7EF-4325-935F-F80AAECE13FD},2020-05-03,47.657858,-117.421155,Unverified,0.4376,False,False,0.1
208,{1A3ADCCF-FA5C-46DA-A7AA-BE5BEFA3AE1D},2020-05-03,47.429122,-117.822307,Unverified,0.734,False,False,0.1
209,{9BE173ED-873F-4DDA-A421-C433D0C98913},2020-05-03,47.896877,-122.323582,Unverified,0.6407,False,False,0.1
210,{AFFA902F-293F-43DF-A5C2-22D052682E40},2020-05-03,47.712536,-117.594146,Unverified,0.361,False,False,0.1
211,{C9E949D5-5330-4A8E-B4D4-18998D0346C9},2020-05-03,46.579221,-119.005588,Negative ID,0.4254,True,False,0.5522
212,{CC31733D-1F19-41BA-B96C-BCA4433EBECB},2020-05-03,47.744827,-117.383439,Unverified,0.3449,False,False,0.1
213,{93A148F5-8517-4DC5-8814-D2E53533B331},2020-05-03,46.984884,-120.531094,Unverified,0.7703,False,False,0.1
214,{3C0DAFA6-754F-4E14-823D-AE734008CF08},2020-05-03,47.960947,-117.592851,Unverified,0.4383,False,False,0.1
215,{36632B73-3B5D-42A5-BF0A-127B69425707},2020-05-03,46.192641,-119.182298,Unverified,0.7817,False,False,0.1
216,{3322073F-788C-4428-BBAC-34CC13025D62},2020-05-03,46.29823,-124.07737,Unverified,0.3658,False,False,0.1
217,{9D0203CA-5883-488D-81F0-BB4CCB6F9815},2020-05-03,48.1496,-119.771316,Unverified,0.7765,False,False,0.1
218,{F31E7AC1-086F-438E-AC23-D9941774A1CE},2020-05-03,45.66274,-122.589074,Unverified,0.5994,False,False,0.1
219,{B90D8E6F-D436-40EF-B7F1-48EEF1D58A63},2020-05-03,47.668346,-122.32773,Unverified,0.5441,False,False,0.1
220,{8BAD0097-3A7A-4CBF-B071-D483CEDD33D8},2020-05-03,47.756278,-122.216833,Negative ID,0.3164,True,False,0.9
221,{E220D91F-7420-4018-95D3-15D88CC2C54F},2020-05-03,48.759255,-122.486796,Unverified,0.5677,False,False,0.1
222,{401DD166-98F8-474F-BEED-B306B4A7892A},2020-05-03,46.205025,-119.214792,Unverified,0.758,False,False,0.1
223,{2C1EA644-88AF-4089-9D47-FBF2707BC2F8},2020-05-03,47.362815,-122.073153,Unverified,0.7628,False,False,0.1
224,{D3304FB6-17E5-41A5-90BC-6D9FFF96216F},2020-05-03,47.151184,-121.060385,Unverified,0.5847,False,False,0.1
225,{16D8116A-A81A-4391-B48F-8FB6A4FA236D},2020-05-03,45.703825,-121.501315,Unverified,0.3041,False,False,0.1
226,{7DD09ABD-61CD-41F2-8D63-9D40B1ABC57D},2020-05-03,46.08919,-122.93627,Unverified,0.536,False,False,0.1
227,{B3AB9537-268D-4448-B7F6-7BD0A22AADFE},2020-05-03,47.64901,-121.91353,Unverified,0.4146,False,False,0.1
228,{E3451390-805B-4B51-B6E2-7C6B127BCE37},2020-05-03,47.91499,-122.219464,Unverified,0.6492,False,False,0.1
229,{229B999C-BA7B-40BB-AD26-F152D71F8C35},2020-05-03,45.760272,-122.662414,Unverified,0.7541,False,False,0.1
230,{CDAF5614-0F06-44F7-BB37-A2A15F0EF054},2020-05-03,48.519334,-121.397955,Unverified,0.3998,False,False,0.1
231,{9B00D6DA-198D-4BD2-9594-71D68677C1C6},2020-05-03,47.600574,-117.361508,Unverified,0.3692,False,False,0.1
232,{5CBEFB03-7253-457E-97A1-753DEBB497C3},2020-05-03,47.464119,-122.285262,Unverified,0.3253,False,False,0.1
233,{5CCD23D8-2D15-4CBC-B6A2-EA3AAC8B379E},2020-05-03,47.497675,-122.091131,Unverified,0.4339,False,False,0.1
234,{2C421F40-B7DA-4641-83BA-1558378E01B7},2020-05-03,47.40808,-123.19669,Unverified,0.4058,False,False,0.1
235,{73FF6BC4-396D-41D5-95AC-EDDC20E02DA0},2020-05-03,47.67517,-117.150466,Unverified,0.3641,False,False,0.1
236,{AE895392-3C2A-481A-83CD-BF5068CD8D26},2020-05-03,47.766318,-122.192073,Unverified,0.7951,False,False,0.1
237,{FC7E2F27-906A-476B-A60F-1717DC56F113},2020-05-03,47.512438,-122.35716,Unverified,0.5604,False,False,0.1
238,{31BBE582-12AB-475A-9275-8EB0BED1BA0F},2020-05-03,47.184025,-122.146853,Unverified,0.7757,False,False,0.1
239,{6505897D-C36D-4ABB-9165-7461D9FE29F4},2020-05-03,47.875187,-117.453106,Negative ID,0.7451,False,False,0.1
240,{2FFCC19F-8A04-4246-9FDE-C48A1C75B6D6},2020-05-03,46.733549,-122.951486,Unverified,0.6166,False,False,0.1
241,{501AF29E-0ED2-42A0-92FE-955FF7176A55},2020-05-03,47.67176,-122.30735,Negative ID,0.6189,True,False,0.2043
242,{4F21909D-6621-423B-BA4A-51DC5056ACB3},2020-05-03,47.930489,-119.018941,Unverified,0.7496,False,False,0.1
243,{27256930-CEDE-4321-8C26-16ED0744E6C1},2020-05-03,46.212198,-119.293372,Negative ID,0.4232,True,False,0.2043
244,{7ED88F0B-B792-4565-A3E3-DD23EC2BE2FA},2020-05-03,46.997029,-120.503658,Unverified,0.3732,False,False,0.1
245,{43856F9D-347F-4C11-A94A-4E6E200AD055},2020-05-03,47.036497,-122.74267,Unverified,0.6488,False,False,0.1
246,{E2E5B5AC-464A-4033-9C5F-78B9A3697148},2020-05-03,47.635127,-122.387464,Unverified,0.4979,False,False,0.1
247,{1FD6ACB8-F6A8-4DE1-A3E7-41B8B855A615},2020-05-03,47.72746,-122.17857,Unverified,0.6121,False,False,0.1
248,{BF057831-EBCD-48C1-BADD-2DDB32C439DC},2020-05-03,47.554623,-122.098662,Negative ID,0.7188,False,False,0.1
249,{204DA998-2F64-40CD-9A52-30D25D272CF5},2020-05-03,47.372105,-122.460063,Unverified,0.6991,False,False,0.1
250,{2F931509-00A9-430B-BBF1-D27558BC71F6},2020-05-03,47.385843,-121.094613,Unverified,0.4675,False,False,0.1
251,{12E5ADF9-3F6E-48F1-980C-5853EA210FE2},2020-05-03,47.464699,-120.392562,Unverified,0.5113,False,False,0.1
252,{099A64D8-727A-4893-ACB6-15873E054236},2020-05-03,47.771543,-117.08108,Unverified,0.5377,False,False,0.1
253,{58F96CDE-F18D-42D9-89C9-859AE56C5DCE},2020-05-03,47.671511,-117.449275,Unverified,0.5689,False,False,0.1
254,{C4DA046B-5C3A-4E6F-9314-1A07079D89F3},2020-05-03,47.512482,-122.357321,Unverified,0.6659,False,False,0.1
255,{209348D3-E846-4617-BCA7-D710AE39EE06},2020-05-03,48.311344,-122.230689,Unverified,0.4225,False,False,0.1
256,{CA722DB4-2D93-4CD0-A319-A42E784CC3C0},2020-05-03,47.781506,-122.686947,Negative ID,0.7817,True,False,0.2043
257,{72579FFF-9DB6-4D85-B44F-853FA0DC7065},2020-05-03,47.607678,-122.169446,Unverified,0.6432,False,False,0.1
258,{10D1EEE6-6C87-4E2C-A2BC-49FCEAECAB73},2020-05-03,47.506613,-122.357576,Unverified,0.6217,False,False,0.1
259,{7F602342-F6C3-4F09-853F-0B5D5376BD51},2020-05-03,47.479726,-122.30849,Negative ID,0.4146,True,False,0.2043
260,{E34CEBC2-EC54-4D75-8B7E-489D54B3BFD8},2020-05-03,45.63221,-122.67156,Negative ID,0.3165,True,False,0.3203
261,{C0B9DDF7-4394-4170-8056-E072CFE7986A},2020-05-03,47.315424,-119.545603,Negative ID,0.779,True,False,0.3203
262,{3B33F760-A202-40BB-A29F-6C9D05F19B6E},2020-05-03,47.628184,-117.403578,Unverified,0.6716,False,False,0.1
263,{917739A8-89D2-47CB-9642-3F0EAB046F32},2020-05-03,47.076417,-122.312839,Negative ID,0.7556,True,False,0.2043
264,{9612ACFB-F4BC-4231-8428-EE167CBC8E9D},2020-05-03,48.502842,-122.237016,Unverified,0.7309,False,False,0.1
265,{9D9250B9-8819-469A-BEFA-331B83D56A1A},2020-05-03,48.740352,-122.485226,Unverified,0.5174,False,False,0.1
266,{BC1D2E58-9B7C-4CBE-BD61-B987E4C6F882},2020-05-03,46.73241,-117.15917,Negative ID,0.3672,True,False,0.5522
267,{7627AAB0-2422-4C5C-B661-E6E24EF4BD74},2020-05-04,48.408405,-122.339303,Unverified,0.6106,False,False,0.1
268,{FB0AC521-2EE6-47B8-9021-BA8341BDD4B1},2020-05-04,46.99185,-119.98396,Negative ID,0.3865,True,False,0.4362
269,{71566788-7879-4296-9FF8-A6A6FF4888DD},2020-05-04,46.225242,-119.267409,Unverified,0.658,False,False,0.1
270,{80E0E463-7E7E-4592-9414-C90FCA96ADE5},2020-05-04,48.189967,-122.624222,Unverified,0.4452,False,False,0.1
271,{8BCB99D0-26F0-4F92-945A-26BDD746CE6A},2020-05-04,46.292763,-119.145959,Unverified,0.6751,False,False,0.1
272,{1C19B97C-3D04-4BF1-849E-5CB47E822408},2020-05-04,47.449188,-122.687417,Unverified,0.3906,False,False,0.1
273,{36FE020B-1F65-4D8F-8FE5-27413F78E4BF},2020-05-04,47.568016,-122.021776,Unverified,0.3387,False,False,0.1
274,{C8E42ABD-5E6D-4F11-BB7F-434772B2730E},2020-05-04,46.978763,-123.898467,Unverified,0.3115,False,False,0.1
275,{E037BAA7-EBE8-4789-83DA-E1415236D544},2020-05-04,47.635912,-122.702612,Negative ID,0.4267,True,False,0.3203
276,{178F831A-FD1D-41D2-80B8-1C5CD692D1A1},2020-05-04,46.562844,-120.613402,Unverified,0.6918,False,False,0.1
277,{0972B5CA-6F24-4E24-B5CD-FAFEFBFC4839},2020-05-04,48.112992,-122.060976,Negative ID,0.6671,True,False,0.2043
278,{34D43EB4-6B65-4F65-81E1-56B45BC71A1E},2020-05-04,46.621715,-117.798804,Negative ID,0.5449,True,False,0.2043
279,{EE72574A-1F51-483C-8C76-6B097B8BCD84},2020-05-04,48.936,-122.74729,Unverified,0.4199,False,False,0.1
280,{72304AB1-721F-406A-BB99-B93816A199A7},2020-05-04,47.511275,-122.18413,Unverified,0.5328,False,False,0.1
281,{B69BA5B0-99C9-496D-B7CE-85A19992D07A},2020-05-04,48.990991,-122.261877,Unverified,0.545,False,False,0.1
282,{AEF2CEA8-69DC-4466-9BC2-F0449A1D4076},2020-05-04,48.069469,-124.012736,Unverified,0.6505,False,False,0.1
283,{5F2D639B-BDC5-4E2E-A4E9-064A2F19101E},2020-05-04,47.570515,-122.233224,Unverified,0.6542,False,False,0.1
284,{594772B5-C384-4EEA-B44A-FC1E00D98A3E},2020-05-04,46.417813,-117.033198,Negative ID,0.4486,True,False,0.2043
285,{8CB02EF6-E3F5-41FD-BD0B-1832A3E1FE7D},2020-05-04,47.574686,-122.239938,Unverified,0.7227,False,False,0.1
286,{3668C8AE-09D6-4ACC-ACA6-ECA4E1B75E50},2020-05-04,45.640936,-122.646084,Unverified,0.5489,False,False,0.1
287,{3488FC7A-3008-4961-87E5-4740124987B3},2020-05-04,47.798705,-122.288636,Negative ID,0.4102,True,False,0.2043
288,{36ADA775-1AAB-4A08-89BF-FFB6653401BD},2020-05-04,46.172385,-122.914926,Unverified,0.4649,False,False,0.1
289,{48060C33-036F-4A0C-80CD-13D673149912},2020-05-04,47.740084,-124.394544,Unverified,0.4024,False,False,0.1
290,{DA3FE479-C0B9-40AB-8358-790CEEB4AF88},2020-05-04,45.586842,-122.300349,Negative ID,0.4757,True,False,0.3477
291,{92E31DB0-053B-4E16-B782-864287389C1F},2020-05-04,47.598319,-122.318173,Negative ID,0.705,True,False,0.3203
292,{300AD70F-97BE-49A8-AF99-B805CF290856},2020-05-04,46.731158,-122.94526,Unverified,0.5964,False,False,0.1
293,{AF6C1F30-C469-4388-B7D1-2D889480C2CE},2020-05-04,47.49348,-121.7831,Unverified,0.4339,False,False,0.1
294,{65F96DB7-59B6-48FF-AD45-A3621080CF5A},2020-05-04,47.241486,-122.523165,Unverified,0.7027,False,False,0.1
295,{665DC9DF-3B98-4E91-937B-8FD4EE3C9E1D},2020-05-04,47.527698,-122.260323,Unverified,0.4585,False,False,0.1
296,{0CAC26D0-208E-4CAF-8894-00687E0B7124},2020-05-04,48.786349,-122.550631,Unverified,0.5015,False,False,0.1
297,{EB6CACF8-D71E-4C68-AE03-D2AEF2E42421},2020-05-04,47.57816,-122.21238,Unverified,0.4121,False,False,0.1
298,{1B3F43B9-A598-43D1-882F-CABCC78F52E5},2020-05-04,48.9429,-122.45079,Unverified,0.7782,False,False,0.1
299,{D480D807-E5FF-4B96-B86D-B6FCB908390C},2020-05-04,47.514707,-117.280477,Unverified,0.4785,False,False,0.1
300,{7D2AD9C6-7D05-49F6-A20B-0FE81C18CA03},2020-05-04,46.631711,-123.95339,Unverified,0.6334,False,False,0.1
301,{B4A18E31-9C52-4F70-BBE6-6DB9AB416439},2020-05-04,47.733324,-122.613476,Unverified,0.6077,False,False,0.1
302,{0C36F62B-09EA-4B7F-9CCD-671F6206D8AD},2020-05-04,46.232883,-119.129303,Unverified,0.6016,False,False,0.1
303,{F276699D-2265-4354-B3F7-70DECE10DAAF},2020-05-04,47.682343,-122.191566,Unverified,0.3542,False,False,0.1
304,{B4A37EC6-F17C-47C1-9F3A-FC05E95B60BD},2020-05-04,47.711712,-122.320207,Unverified,0.4242,False,False,0.1
305,{957802AB-A625-4D10-AE8C-9B700D4E270D},2020-05-04,47.41704,-120.28792,Unverified,0.4074,False,False,0.1
306,{1C64FA13-35EA-4F46-B69E-F54812583F35},2020-05-04,46.230336,-119.215472,Unverified,0.5208,False,False,0.1
307,{ED979584-3F37-412C-A1ED-3342EBD7C492},2020-05-04,47.401346,-120.317121,Unverified,0.4516,False,False,0.1
308,{F6B858E6-EE99-4256-8A64-9B0E1364990E},2020-05-04,47.639998,-117.384251,Unverified,0.6574,False,False,0.1
309,{B8D9F45D-B922-41BC-8726-94B66A3F5EF4},2020-05-04,47.56519,-122.390535,Negative ID,0.7169,False,False,0.1
310,{5CF41236-DD53-43A1-9631-C9F77999468D},2020-05-04,47.148975,-122.288307,Unverified,0.4365,False,False,0.1
311,{6FD68F58-AEA6-400B-868A-578524387939},2020-05-04,46.288194,-119.376493,Unverified,0.4137,False,False,0.1
312,{A08BB552-E4DB-4243-A446-41848490B578},2020-05-04,48.049262,-122.540835,Unverified,0.5211,False,False,0.1
313,{26FF1CCB-208B-48FA-A353-CE28C8466958},2020-05-04,48.688964,-122.6433,Unverified,0.7811,False,False,0.1
314,{23DD2DDB-DAE3-4163-8BAD-4BA91CA0BFE0},2020-05-04,47.662247,-117.287249,Negative ID,0.6888,True,False,0.2043
315,{5565DEA4-AA9A-43D4-9717-E4A79B6D3F57},2020-05-04,47.60357,-122.32945,Unverified,0.3551,False,False,0.1
316,{01A66F6C-96A2-4C83-A4EC-66FF281394AC},2020-05-04,46.174379,-123.006728,Unverified,0.4595,False,False,0.1
317,{839AB8A0-B647-4FD1-80FA-91FF73DB0119},2020-05-04,47.203856,-124.200461,Negative ID,0.4578,True,False,0.2043
318,{5807F1BA-B8B1-4519-A55B-F3EF47F4F43C},2020-05-04,47.622707,-117.382564,Unverified,0.3198,False,False,0.1
319,{E12F06FB-CB54-492F-90FF-7609C432D818},2020-05-04,47.333133,-122.338895,Unverified,0.7771,False,False,0.1
320,{5886B650-5ED3-4BF3-A1C2-E1438CC99ADE},2020-05-04,45.65161,-121.954251,Negative ID,0.3944,True,False,0.3203
321,{D170A6A5-2BC2-422C-B850-06CCD2EEBB15},2020-05-04,45.515398,-122.530044,Unverified,0.4386,False,False,0.1
322,{2C0470B7-BF48-4EF5-AF7F-6D3975C62A7B},2020-05-04,45.671347,-122.595696,Negative ID,0.3082,True,False,0.2043
323,{B885FD0C-1A1A-419B-A20B-DDD5DFF41569},2020-05-04,48.278765,-122.647282,Negative ID,0.7687,True,False,0.2043
324,{024AF650-108A-402A-B31F-2A50412A493C},2020-05-04,46.824806,-122.478422,Unverified,0.7795,False,False,0.1
325,{1A324149-F3A3-493D-9257-8A50027DAE43},2020-05-04,47.7315,-122.232402,Unverified,0.4238,False,False,0.1
326,{B9913413-E49D-4563-B447-E293AD297B08},2020-05-04,46.25606,-119.90123,Unverified,0.5249,False,False,0.1
327,{CD18D749-4333-4A1A-96FC-1287A8F66B32},2020-05-04,48.864727,-122.675513,Unverified,0.4592,False,False,0.1
328,{86364962-3EF3-4734-AA05-913F16EF66C7},2020-05-04,47.873634,-122.161934,Unverified,0.4546,False,False,0.1
329,{A3AD27E0-3A02-42A4-9033-48C1F4E187F1},2020-05-04,48.890129,-121.922394,Unverified,0.3936,False,False,0.1
330,{6403F9D8-2170-4F47-BBFD-F14D4FE06434},2020-05-04,48.712076,-122.50283400000001,Unverified,0.7668,False,False,0.1
331,{6D32CC60-7EC2-46E0-9236-CD595B1037C7},2020-05-04,47.693708,-122.325229,Unverified,0.6207,False,False,0.1
332,{0EE47243-22A1-4413-AFFC-F75118C8A256},2020-05-04,47.716728,-122.075062,Negative ID,0.4843,True,False,0.4362
333,{A0D45071-DFD3-4F0E-9851-FFBD637FBF58},2020-05-04,46.833371,-120.066181,Unverified,0.606,False,False,0.1
334,{AB48EA99-1AEC-4BCC-B877-331C465EF4C1},2020-05-04,47.3806,-122.41244,Unverified,0.7214,False,False,0.1
335,{B52407A2-B4A3-4FCB-B122-1A555784A903},2020-05-04,47.366905,-122.809806,Unverified,0.5282,False,False,0.1
336,{8C0D3223-52BB-451A-9887-8FF2531318D5},2020-05-04,48.75484,-122.494401,Unverified,0.7315,False,False,0.1
337,{6CD4254F-122E-4FAD-9039-39E598EE7F77},2020-05-04,47.783809,-122.082868,Unverified,0.6302,False,False,0.1
338,{7A9130C4-0CA8-43B4-B119-10088DE2D8BB},2020-05-04,47.033115,-119.546872,Unverified,0.3044,False,False,0.1
339,{29CAD9B0-977C-4947-BD62-5CA381CEEA33},2020-05-04,47.547201,-122.039725,Unverified,0.7036,False,False,0.1
340,{726697C7-C503-439C-9790-6B7762053397},2020-05-04,47.574477,-122.210321,Unverified,0.333,False,False,0.1
341,{6C7EC5EA-1B37-400A-8EBF-838689E041E4},2020-05-04,47.764173,-122.381799,Unverified,0.624,False,False,0.1
342,{3C59057A-FDD9-4149-80C0-D71E90901CBC},2020-05-04,47.339405,-122.28456,Unverified,0.3421,False,False,0.1
343,{7E522AE9-2155-4ECE-A3CD-34C4CB91650C},2020-05-04,47.30505,-122.107544,Unverified,0.4109,False,False,0.1
344,{D531E68B-B2C1-468F-8C2C-119A6EBF3791},2020-05-04,48.550189,-117.318946,Unverified,0.6038,False,False,0.1
345,{DFA7F66D-8DCB-43D7-93EC-3F2E42602600},2020-05-04,48.060235,-122.203513,Unverified,0.6519,False,False,0.1
346,{184B11F0-0828-4FF0-A203-4C953BC90A59},2020-05-04,47.447358,-122.457132,Unverified,0.6777,False,False,0.1
347,{C06A40ED-745C-45A6-A37E-39062087B3C4},2020-05-04,47.296446,-122.089798,Unverified,0.3089,False,False,0.1
348,{49DC3BF7-EDBC-4178-8E41-56C19E92550F},2020-05-04,48.987968,-122.73444,Unverified,0.5411,False,False,0.1
349,{7F0C2240-C86D-43E5-B5E2-97DACB24F9FE},2020-05-04,47.58755,-122.317218,Unverified,0.4799,False,False,0.1
350,{859BF27C-6E44-409D-933B-FE04691417AB},2020-05-04,48.07965,-123.10367,Unverified,0.3046,False,False,0.1
351,{84612252-3D6A-4544-B414-9992E8B24CE6},2020-05-04,46.03372,-122.87039,Unverified,0.7293,False,False,0.1
352,{3E3EB84B-CCB3-44F5-852F-AD4DCFB665F5},2020-05-04,47.480338,-122.266475,Unverified,0.4453,False,False,0.1
353,{7585959E-7ED8-4328-B1B6-B7F64A5651FC},2020-05-05,47.58937,-122.313253,Unverified,0.3489,False,False,0.1
354,{5D8B632B-F694-4EA2-B1A5-83F9D2EAD5C1},2020-05-05,47.531726,-117.255978,Unverified,0.6996,False,False,0.1
355,{8C9B4280-F211-4C09-8D04-5EF205143D06},2020-05-05,48.288933,-122.682611,Negative ID,0.3798,False,False,0.1
356,{959C3E76-848C-4066-BB2C-D318B5D20F76},2020-05-05,47.452714,-122.631221,Unverified,0.3484,False,False,0.1
357,{2E70AF1E-0D0D-4BAC-A400-5FE6B882368F},2020-05-05,47.62986,-120.68945,Unverified,0.6285,False,False,0.1
358,{0A40BC51-C9B5-4365-9E31-946EF594ADF8},2020-05-05,47.131243,-122.27259,Unverified,0.3761,False,False,0.1
359,{A2F4CD86-6970-445F-9205-2DE2411D71E0},2020-05-05,47.180593,-122.181657,Unverified,0.3368,False,False,0.1
360,{3C52616C-CA60-4763-9676-944E23906B6D},2020-05-05,45.710586,-122.680722,Unverified,0.4577,False,False,0.1
361,{55C3DF05-0FC3-4737-98CE-2AECFA6C21DB},2020-05-05,47.36281,-122.049708,Unverified,0.4537,False,False,0.1
362,{19C892F9-15FD-46FD-980D-4F53933AA240},2020-05-05,47.665441,-122.171024,Unverified,0.7152,False,False,0.1
363,{31F61547-9F61-47B7-BDB1-0C5BBEA85FDF},2020-05-05,47.43695,-120.3235,Unverified,0.328,False,False,0.1
364,{D7162943-EF97-45A1-BF21-3DB1F256539B},2020-05-05,47.681769,-117.33954,Unverified,0.6233,False,False,0.1
365,{2609D868-E56C-49F1-A6D0-0C881B26ED68},2020-05-05,46.605612,-120.784695,Unverified,0.308,False,False,0.1
366,{C7F38D90-88FF-4FC2-B55A-C0DB33C000DA},2020-05-05,48.412515,-122.321008,Unverified,0.4561,False,False,0.1
367,{5C96C7C5-D536-4B44-9AD7-DE91D53BEBE2},2020-05-05,48.994857,-122.728238,Unverified,0.4045,False,False,0.1
368,{880BD1C3-A233-4B02-83FB-A0C88BED3E02},2020-05-05,45.64435,-122.65236,Unverified,0.5797,False,False,0.1
369,{F075D7B4-8B61-43CC-9C9E-7C06DB39B3DC},2020-05-05,47.583232,-122.653887,Unverified,0.4932,False,False,0.1
370,{9561FAD1-C905-4890-B682-0478E859210D},2020-05-05,46.870014,-123.323438,Unverified,0.5174,False,False,0.1
371,{505F5837-0D19-407A-BB96-C91749D032CB},2020-05-05,47.444541,-120.275693,Unverified,0.6338,False,False,0.1
372,{E7A3B111-FE4B-456A-846A-F578B5D8098B},2020-05-05,47.62846,-117.35026,Unverified,0.3499,False,False,0.1
373,{205B80C4-6C61-4893-AB5C-F3AB00E73CAE},2020-05-05,46.224796,-119.268248,Unverified,0.7097,False,False,0.1
374,{D5A0F6EB-E3D4-48A5-8F07-BD9ECE1A14F3},2020-05-05,46.207489,-119.765568,Unverified,0.6918,False,False,0.1
375,{EA24FB4C-4345-4418-A305-2F1C2EA08A06},2020-05-05,47.301813,-122.523391,Unverified,0.3971,False,False,0.1
376,{75E7FD91-2E03-4403-9E0B-443884012637},2020-05-05,48.948233,-122.748058,Unverified,0.5212,False,False,0.1
377,{86CBEF0D-2ED5-4A3C-A40F-B68C12256E8F},2020-05-05,48.418776,-122.65316,Unverified,0.631,False,False,0.1
378,{F6B94391-4654-41D6-9CAB-76885FAA3709},2020-05-05,47.9082,-124.63663,Unverified,0.5992,False,False,0.1
379,{BC0B7BCB-CBA1-4DB6-8117-AA9ED004E940},2020-05-05,47.145618,-122.270917,Unverified,0.4049,False,False,0.1
380,{342CC976-137C-450B-B3AD-DB5EDA1B95C1},2020-05-05,47.771738,-122.376626,Unverified,0.6228,False,False,0.1
381,{74B18A2C-4925-4040-84C3-AA3076644FBF},2020-05-05,48.54804,-117.909175,Unverified,0.7634,False,False,0.1
382,{9C73F89C-C1BA-49AD-826C-F90169B4AB0B},2020-05-05,46.73015,-117.18147,Unverified,0.661,False,False,0.1
383,{E035D8C5-F345-4266-9EF3-3F29B0B42059},2020-05-05,48.906189,-122.59582,Unverified,0.5518,False,False,0.1
384,{CDDD4320-C106-4029-BDDE-CE2E58EC7540},2020-05-05,47.66434,-122.398462,Unverified,0.4261,False,False,0.1
385,{B32CD999-9055-442E-88D0-9D77862DD531},2020-05-05,47.357891,-122.118987,Unverified,0.7488,False,False,0.1
386,{2774ADDA-2FD4-47E7-BD1B-1147E875C068},2020-05-05,46.932082,-122.936608,Unverified,0.6511,False,False,0.1
387,{7417B015-33A7-4375-8297-D555CF309E11},2020-05-05,48.280032,-122.673324,Unverified,0.5577,False,False,0.1
388,{C465E5B9-6DDF-47A9-9003-957A306747C8},2020-05-05,48.469584,-122.308613,Unverified,0.6079,False,False,0.1
389,{FE7B719A-99A3-460B-81AD-7CF186182C91},2020-05-05,48.528837,-122.195106,Unverified,0.5638,False,False,0.1
390,{736F411B-A5D5-40E6-92BA-B9C6C033C886},2020-05-05,47.072951,-122.97706,Unverified,0.6447,False,False,0.1
391,{6E10F85F-B4CA-4741-8A48-DB179A53F64B},2020-05-05,46.976681,-119.369948,Unverified,0.4837,False,False,0.1
392,{4068A118-3C80-4878-8354-B4604254108D},2020-05-05,47.022119,-119.302891,Unverified,0.7916,False,False,0.1
393,{C16B5547-02EF-43A4-B6CD-838E1D04370F},2020-05-05,47.764431,-122.361745,Unverified,0.6566,False,False,0.1
394,{C8D009E9-8534-44EE-A7C3-90711C7CE8C7},2020-05-05,47.319254,-119.557539,Unverified,0.5408,False,False,0.1
395,{5D8B1CF3-322C-46FA-BC13-F1387CC93915},2020-05-05,48.835432,-122.617551,Unverified,0.3502,False,False,0.1
396,{BC8638B4-532C-4DB3-A554-933B68F84D07},2020-05-05,47.632072,-122.647539,Unverified,0.5856,False,False,0.1
397,{0417BD58-32D9-4372-BFE0-A43BC42A5C39},2020-05-05,48.723512,-122.462564,Unverified,0.5045,False,False,0.1
398,{FF0917AF-E944-448D-90AD-2CB213D3023A},2020-05-05,46.58755,-120.621924,Unverified,0.7628,False,False,0.1
399,{425DEE78-155E-491E-ABFC-17A95F5B2E72},2020-05-05,47.35689,-123.09944,Unverified,0.5475,False,False,0.1
400,{9F458526-1FF1-4FEE-8592-CE767A4828CA},2020-05-05,48.711564,-122.455863,Unverified,0.6041,False,False,0.1
401,{857EE70A-A38E-47D7-8CB2-7A5ED5B0DD5E},2020-05-05,47.21046,-122.302023,Unverified,0.624,False,False,0.1
402,{16FFDDAB-CCFC-4167-BD39-05BA82DB5103},2020-05-05,47.75463,-122.27795,Unverified,0.54,False,False,0.1
403,{0F4AE512-92FC-4BE9-8657-87F1A87ABD70},2020-05-05,47.371637,-122.106367,Unverified,0.3836,False,False,0.1
404,{4CC02F75-AEDA-4103-9166-B2474BD21BFF},2020-05-05,47.34349,-117.2278,Unverified,0.7161,False,False,0.1
405,{C15F2D6A-6020-4518-89D4-1A70A8A53C87},2020-05-05,46.03456,-118.38864,Unverified,0.761,False,False,0.1
406,{E14A0935-6E79-43D2-AB63-D54AE48F9A2F},2020-05-05,47.683159,-122.18668,Unverified,0.4911,False,False,0.1
407,{E3E9D733-3976-4F62-B337-D80D206B7874},2020-05-05,47.34653,-122.30682,Unverified,0.3488,False,False,0.1
408,{DBCE7E13-B99B-4631-A221-A972E97DA3EA},2020-05-05,48.218927,-122.527027,Unverified,0.7678,False,False,0.1
409,{5E2BBE5E-0AF0-43F1-80BE-36B829EF824F},2020-05-05,47.689897,-117.458649,Unverified,0.7207,False,False,0.1
410,{DED1C461-15C9-4928-B3B8-05281569F3F4},2020-05-05,47.698307,-122.205072,Negative ID,0.5166,False,False,0.1
411,{39D90967-10BB-4D46-9169-B17EF666AEFB},2020-05-05,46.174143,-119.13745,Unverified,0.5632,False,False,0.1
412,{849650F5-DAB1-4EA5-B111-81FCD567BE7A},2020-05-05,47.282833,-123.042787,Unverified,0.3714,False,False,0.1
413,{CE5B5004-ECEE-4D98-8415-CB4305B3B79A},2020-05-05,47.30134,-122.565146,Unverified,0.3045,False,False,0.1
414,{0B7798DD-CF2C-4061-9C9E-689ABF060C3E},2020-05-05,47.690059,-122.383609,Unverified,0.4877,False,False,0.1
415,{13284B26-C0A7-4AEA-8886-EA105F22F5EB},2020-05-05,47.391627,-119.485153,Unverified,0.7904,False,False,0.1
416,{AAE853C4-84E9-4563-92B9-3A8564EB5F9E},2020-05-05,48.425484,-122.595535,Unverified,0.5968,False,False,0.1
417,{BDFD3A38-81E3-44A4-A131-5624F1D9B9E6},2020-05-05,46.534437,-119.879898,Unverified,0.7604,False,False,0.1
418,{AB660492-C6A0-4C3C-A4EA-C8D143C045DC},2020-05-05,47.83454,-120.70457,Unverified,0.3394,False,False,0.1
419,{90C53A0E-43BC-400E-A55D-70577D585983},2020-05-05,47.350206,-122.58675,Unverified,0.6323,False,False,0.1
420,{927AC65D-2FBE-4FCB-A558-837A0232C891},2020-05-05,49.260068,-123.113952,Unverified,0.7448,False,False,0.1
421,{A324DF92-EF30-44E0-A5BA-3AD7BCEC0659},2020-05-05,47.563125,-122.120245,Unverified,0.6459,False,False,0.1
422,{9195FA40-38BF-4C39-9328-BAF21F383A3D},2020-05-05,46.052824,-122.042818,Unverified,0.508,False,False,0.1
423,{9F255287-B276-4F71-A3AB-35A1B9A5166B},2020-05-05,47.519797,-122.595313,Unverified,0.5502,False,False,0.1
424,{25F042AE-6C7F-416D-B8DD-A7829EF22FC6},2020-05-05,46.258445,-119.082474,Unverified,0.4019,False,False,0.1
425,{4A97A03F-A691-4524-A4A3-58633AE8BA6E},2020-05-05,47.325245,-119.559165,Unverified,0.686,False,False,0.1
426,{2A1BFFA2-82F0-4D8E-BE75-FCBD82531C4F},2020-05-05,47.68584,-122.18823,Unverified,0.6762,False,False,0.1
427,{F8AED0EE-702C-4B65-9249-9D121EF60BE7},2020-05-05,47.850202,-122.295347,Unverified,0.3403,False,False,0.1
428,{B784FFB3-3490-4D82-B9B5-1023C36E83EE},2020-05-05,46.19133,-122.893722,Unverified,0.7754,False,False,0.1
429,{8BD9EC79-A402-4B46-A9BA-3E1BBEB559E6},2020-05-05,45.6549,-121.190623,Unverified,0.3443,False,False,0.1
430,{AC7CA135-19D8-4CD2-A6BA-71EC35DE553D},2020-05-05,47.63812,-122.13271,Unverified,0.5353,False,False,0.1
431,{67758FD3-40FA-44F4-B022-D7FD9D4C89CA},2020-05-05,48.530319,-123.027838,Unverified,0.5549,False,False,0.1
432,{67C8BB86-AC93-4152-8C09-C68631A6B54E},2020-05-05,48.941817,-122.761655,Unverified,0.4056,False,False,0.1
433,{7E2B4F29-8369-4312-9AAB-72A984BEBCFF},2020-05-05,48.494864,-123.109996,Unverified,0.4103,False,False,0.1
434,{7A946486-FD2C-4647-8E8A-8C846992577C},2020-05-05,47.636636,-122.357231,Unverified,0.6278,False,False,0.1
435,{D3A7493A-DD17-465C-9E9A-BDDC43C24300},2020-05-05,47.562967,-122.018069,Unverified,0.5925,False,False,0.1
436,{AE9B41D7-5105-4FA9-9306-0F2869B97417},2020-05-05,47.252771,-122.203263,Unverified,0.5735,False,False,0.1
437,{FD1B967C-5954-4111-8391-8634033F5302},2020-05-05,48.203173,-122.127783,Unverified,0.7957,False,False,0.1
438,{84B61ACA-2F75-4062-9BD0-B2BA91172105},2020-05-05,47.576261,-122.222083,Unverified,0.5283,False,False,0.1
439,{C6A2E810-A378-4D4A-AA1B-CC06E73F419B},2020-05-05,47.784608,-122.220539,Unverified,0.3237,False,False,0.1
440,{23E6E67C-E453-43C8-ACF8-B254EAF32FE4},2020-05-05,47.81116,-122.37689,Unverified,0.7293,False,False,0.1
441,{A79C3E7E-3FAD-4457-BCE8-8DC6CDD819B3},2020-05-05,47.834121,-122.281683,Unverified,0.6269,False,False,0.1
442,{112D1D9F-163E-4E0E-9346-BA7C7C0196C3},2020-05-05,47.188007,-122.177383,Unverified,0.3569,False,False,0.1
443,{C71FFBC1-4846-4BAE-8E73-E3FBD284F6C0},2020-05-05,47.218821,-122.512519,Unverified,0.6343,False,False,0.1
444,{3D696828-0600-4D49-B406-ACD22C2C58DA},2020-05-05,47.720581,-117.393124,Unverified,0.5069,False,False,0.1
445,{D3F5C7FB-2AC0-4332-9B9E-12EE5356FF86},2020-05-05,47.595089,-122.15523,Unverified,0.5752,False,False,0.1
446,{FA7C7FE7-E833-4CB2-9D49-BD958A4720B3},2020-05-05,48.99762,-123.067932,Unverified,0.6857,False,False,0.1
447,{C32AD829-0F02-415D-8184-B628421525EF},2020-05-05,47.645748,-122.375074,Unverified,0.6826,False,False,0.1
448,{F48027A0-7045-483D-BAD2-FF9E6F8745F9},2020-05-05,47.500026,-122.285134,Unverified,0.5475,False,False,0.1
449,{165FF3FF-8F72-4AB8-B736-4584CE8DA11F},2020-05-05,47.53754,-122.639263,Unverified,0.5943,False,False,0.1
450,{85093703-61DC-4FCD-9C8D-39EF4980E1E7},2020-05-05,47.91635,-122.390816,Unverified,0.5109,False,False,0.1
451,{0A56B00E-207C-4D8C-8A95-5FF3EDD7F1E2},2020-05-05,47.645748,-122.375075,Unverified,0.6119,False,False,0.1
452,{109DA341-38E7-4DD7-AB27-5F416B9344A7},2020-05-05,47.918805,-121.977306,Unverified,0.7647,False,False,0.1
453,{E9657147-3498-4EA5-AE8D-10E921A34C9B},2020-05-05,47.870386,-122.309812,Unverified,0.5989,False,False,0.1
454,{626D54B9-0E7A-477F-B9FD-90B43750681D},2020-05-05,48.987838,-123.040026,Unverified,0.6908,False,False,0.1
455,{16ACDBFC-A11D-46D8-916C-4D03879DCF3E},2020-05-05,47.876042,-122.193437,Unverified,0.6895,False,False,0.1
456,{7F52A339-D05D-44A6-984B-562112CF96F4},2020-05-05,47.642307,-122.238513,Unverified,0.6317,False,False,0.1
457,{EF7DC94D-1AC7-4F24-8BAA-E84AD656A85F},2020-05-05,47.503934,-122.61775,Unverified,0.6738,False,False,0.1
458,{4E13F436-8F76-410D-8677-A378EF62B25E},2020-05-05,47.871857,-122.146067,Unverified,0.7574,False,False,0.1
459,{6431E6BE-21C4-41F7-B86C-099D375EE1EA},2020-05-05,47.739955,-122.160165,Unverified,0.4207,False,False,0.1
460,{CC401F56-3620-4653-923A-3EEA017CEC3B},2020-05-06,47.734001,-122.560699,Unverified,0.5817,False,False,0.1
461,{319602B4-AA62-46C1-82FF-A44D13BE3564},2020-05-06,45.732149,-122.342257,Unverified,0.7111,False,False,0.1
462,{3F2DF399-8908-4F11-A76F-C8AF2781448A},2020-05-06,48.423213,-122.318656,Unverified,0.585,False,False,0.1
463,{055198DB-E871-46AD-AE96-D637A5C68E36},2020-05-06,48.768329,-122.40172,Unverified,0.6745,False,False,0.1
464,{90EB6297-4BB7-4D58-96AB-F0E514B27004},2020-05-06,47.794293,-122.367303,Unverified,0.4382,False,False,0.1
465,{BD2BE97E-EC5A-44B8-856E-5F84E06F1672},2020-05-06,47.593032,-119.369847,Unverified,0.4801,False,False,0.1
466,{EE755892-F785-4450-A140-C0C59942CCD6},2020-05-06,47.658029,-117.754412,Unverified,0.6733,False,False,0.1
467,{EF4E06F9-96D7-4948-AF67-6FF2CB707E3B},2020-05-06,47.153859,-122.337399,Unverified,0.4453,False,False,0.1
468,{DD38A276-13DB-429B-962C-11AB46410FAD},2020-05-06,47.172366,-122.552092,Unverified,0.4873,False,False,0.1
469,{1504B3E6-955E-4C56-AC5F-F851F2C90711},2020-05-06,47.81214,-122.162168,Unverified,0.5978,False,False,0.1
470,{0F1F84B8-AEC2-489F-A56F-67CC7DFE9024},2020-05-06,47.473847,-122.216115,Unverified,0.5743,False,False,0.1
471,{C1C402CB-3658-4AA5-A199-D24A7EEEABDB},2020-05-06,47.64399,-122.144395,Unverified,0.3613,False,False,0.1
472,{F205A4C7-D707-41F1-A52E-B4FE80FF26DF},2020-05-06,47.63493,-122.517318,Unverified,0.6944,False,False,0.1
473,{B1294B98-7C29-43C2-A03E-44FD39B864AC},2020-05-06,47.67623,-122.279623,Unverified,0.6861,False,False,0.1
474,{E10CD827-9D10-4120-A77A-77D994DCC64F},2020-05-06,47.67623,-122.279623,Unverified,0.4316,False,False,0.1
475,{B68CE65C-7D6A-46EA-BA0D-C576B03C6A88},2020-05-06,47.592981,-122.828648,Unverified,0.7765,False,False,0.1
476,{86B7EC41-E179-4A51-ACDE-7E74C7AA81B4},2020-05-06,46.980934,-123.890866,Unverified,0.6061,False,False,0.1
477,{C8ECD249-655A-4CC5-BE6E-052E493533DB},2020-05-06,47.035687,-122.779101,Unverified,0.3019,False,False,0.1
478,{28F59E0F-FD65-433A-A42A-93700F528F5C},2020-05-06,47.240541,-122.321905,Unverified,0.3121,False,False,0.1
479,{99821F34-D598-4954-98BD-1A0639412FF4},2020-05-06,48.974404,-122.723467,Unverified,0.7265,False,False,0.1
480,{882553EC-1B3C-4A33-8372-C6FDFF7E0B8B},2020-05-06,47.278517,-119.556258,Unverified,0.3486,False,False,0.1
481,{C4CFE3FD-1387-4032-8684-4F8576F31910},2020-05-06,47.47203,-123.0921,Unverified,0.3098,False,False,0.1
482,{D654EA37-A9CE-4373-A3E8-272E2B1DC112},2020-05-06,47.65877,-117.42662,Unverified,0.6617,False,False,0.1
483,{B95EC409-14A2-4C82-A5AA-EB7CD9CAFF43},2020-05-06,47.425789,-122.022251,Unverified,0.532,False,False,0.1
484,{3D9D9723-6CC7-4E36-8572-374C71A69160},2020-05-06,47.902824,-117.512904,Unverified,0.71,False,False,0.1
485,{F594C8E8-034F-4615-BAAE-66953E1FE909},2020-05-06,47.855279,-119.136093,Unverified,0.7065,False,False,0.1
486,{CF07AE3B-93A7-4853-BC4A-2E71C7A7F79A},2020-05-06,46.316855,-117.970204,Unverified,0.3018,False,False,0.1
487,{C4ADF001-A3E7-4087-A8CA-0A39841CB515},2020-05-06,47.672874,-117.385652,Unverified,0.5259,False,False,0.1
488,{BD39DA58-3EAF-4B94-8E8B-0FC2FC7F4919},2020-05-06,48.928023,-122.714348,Unverified,0.5117,False,False,0.1
489,{31C672A4-C93F-481A-A548-AB77E5D9DD08},2020-05-06,47.59229,-122.293674,Unverified,0.7779,False,False,0.1
490,{F623E0C7-365C-47B8-8860-28E51AD6A04F},2020-05-06,48.355217,-117.271249,Unverified,0.5381,False,False,0.1
491,{BF238386-221A-4113-867B-C3D8A9E68887},2020-05-06,47.566791,-122.355072,Unverified,0.4159,False,False,0.1
492,{3E2D276A-B8D6-498F-9C52-3653BC5C2C76},2020-05-06,48.182499,-122.587306,Unverified,0.4113,False,False,0.1
493,{EB537A24-BAAA-4B0E-B8A9-5063215F90B1},2020-05-06,47.771326,-122.198585,Unverified,0.4612,False,False,0.1
494,{A7CB6FEA-5428-4F09-B8B7-D4A9E9E1D4E9},2020-05-06,47.411352,-122.318568,Unverified,0.3048,False,False,0.1
495,{E2685FAE-3B89-4263-98D0-45BADC052E61},2020-05-06,46.612953,-120.462557,Unverified,0.4798,False,False,0.1
496,{CE977314-3E61-4C37-816C-B5AD9A551C8B},2020-05-06,47.997103,-122.111653,Unverified,0.3475,False,False,0.1
497,{C81246D4-896E-4D8C-A8F9-FB3439A0CF40},2020-05-06,47.11512,-122.40519,Unverified,0.6162,False,False,0.1
498,{EC9FED21-393B-4E07-91B6-6A3C67496912},2020-05-06,47.628006,-122.306638,Unverified,0.4969,False,False,0.1
499,{D1DE93F9-9E6E-4F7A-9894-5D01835190FE},2020-05-06,47.387857,-122.261899,Unverified,0.7691,False,False,0.1
500,{4C3AFF15-F025-4A1B-B862-E4B09BFF5BD4},2020-05-06,46.811377,-123.171401,Unverified,0.6264,False,False,0.1
501,{23C806AF-493C-4FFB-92D5-5CE510A31F29},2020-05-06,47.387044,-122.827269,Unverified,0.6654,False,False,0.1
502,{14B5F626-EEB0-470B-94CC-2F08F9E62C1D},2020-05-06,46.069928,-122.858274,Unverified,0.3107,False,False,0.1
503,{538CAE86-9E76-4EA8-9EE5-9B2AC6895C7A},2020-05-06,46.605947,-120.427555,Unverified,0.3154,False,False,0.1
504,{0FE4FB39-2937-4813-A589-1AC349D5B81D},2020-05-06,47.574006,-122.414817,Unverified,0.6307,False,False,0.1
505,{A239F1BC-3BC5-4224-B5FF-1A30ABC67A78},2020-05-06,47.639334,-122.200484,Unverified,0.5926,False,False,0.1
506,{EFE516B2-0657-4376-B862-86763C0AE285},2020-05-06,47.262979,-122.458267,Unverified,0.5406,False,False,0.1
507,{B100E8E8-5991-446E-9B99-F6468B7659BD},2020-05-06,47.849805,-122.180973,Unverified,0.7312,False,False,0.1
508,{2547522B-0531-48F3-A5BD-15A34E6C1E5A},2020-05-06,47.759635,-122.269775,Unverified,0.5997,False,False,0.1
509,{6C67AA9B-7858-454C-B977-B0A04C2FDFAA},2020-05-06,46.894731,-122.631719,Unverified,0.3277,False,False,0.1
510,{40CEF576-13F6-4255-A741-AD7301451DC5},2020-05-06,47.04437,-122.82324,Unverified,0.4931,False,False,0.1
511,{2BDA7665-1032-49F7-88D4-581B42439C70},2020-05-06,48.066818,-122.029967,Unverified,0.4355,False,False,0.1
512,{C1E61633-BCE5-4F66-9159-2ABAA7AF7536},2020-05-06,46.853659,-123.287287,Unverified,0.3741,False,False,0.1
513,{6BD66045-D7A5-42F3-B1B4-C40D29CABEFE},2020-05-06,47.25513,-122.44164,Unverified,0.4726,False,False,0.1
514,{FA503AF5-F2BC-4819-8A0E-33397E16C5C7},2020-05-06,47.519377,-121.876314,Unverified,0.6775,False,False,0.1
515,{B3BCF8B7-6B90-488B-AE00-4AC9B9CB3B45},2020-05-06,47.091218,-122.864415,Unverified,0.5801,False,False,0.1
516,{5377DA87-43B2-4AC7-B5D6-6C6E99DD0BA1},2020-05-06,47.631874,-117.351819,Unverified,0.3399,False,False,0.1
517,{9E8D3D90-57EE-4BD1-995D-781ACA3FFD60},2020-05-06,47.065721,-120.652381,Unverified,0.5213,False,False,0.1
518,{997B701E-0940-40CB-887C-A3F0E2F685C9},2020-05-06,48.2281,-122.266252,Unverified,0.4941,False,False,0.1
519,{6BEE7FC1-E248-49EF-A59C-E626D0C4047B},2020-05-06,48.949716,-122.613208,Unverified,0.6993,False,False,0.1
520,{7A2E235A-6FDB-4D4C-B74F-72332877A886},2020-05-06,47.7919,-122.317009,Unverified,0.4274,False,False,0.1
521,{04CA2EF0-C781-46BD-9D1F-5FE81FC28D95},2020-05-06,48.321763,-122.31679,Unverified,0.3824,False,False,0.1
522,{733973E9-DB93-4C56-9959-D5EF1C47D67B},2020-05-06,47.695986,-122.334198,Unverified,0.3042,False,False,0.1
523,{D24EDE9A-9C5A-4DE9-A7B1-376777ADE3E4},2020-05-06,47.37119,-121.961822,Unverified,0.4502,False,False,0.1
524,{199A10AA-1E31-43A4-A8B3-1B7463CD0A1D},2020-05-06,45.58694,-122.40199,Unverified,0.757,False,False,0.1
525,{140C07DA-FC7F-4954-8DD6-9E9AE2E6FFD7},2020-05-06,47.558479,-122.364285,Unverified,0.5026,False,False,0.1
526,{6647B499-9665-40E7-AB53-239057FDC094},2020-05-06,48.790413,-122.710699,Unverified,0.3034,False,False,0.1
527,{91C307B0-2776-4585-9063-41734A0C24A4},2020-05-06,48.790417,-122.710707,Unverified,0.5007,False,False,0.1
528,{893D73D1-70E4-40F4-B1E4-F5A2746F86DB},2020-05-06,48.750241,-122.421125,Unverified,0.7284,False,False,0.1
529,{21F36457-FF5E-4C76-ADB3-71B1D177C60B},2020-05-06,48.220599,-122.519263,Unverified,0.3148,False,False,0.1
530,{589E0AD2-4EEF-4588-8969-158B084727AE},2020-05-07,47.292402,-122.251238,Unverified,0.7039,False,False,0.1
531,{5DED7EA3-47EB-4D00-8F2C-A7A3D39B977D},2020-05-07,48.063932,-122.139953,Unverified,0.799,False,False,0.1
532,{DE2ECD7F-F74D-4152-BAA8-14524143C0D2},2020-05-07,46.27017,-119.248095,Unverified,0.4288,False,False,0.1
533,{D4EC607D-513E-4F06-94FB-3309B78536F1},2020-05-07,47.335073,-123.159113,Unverified,0.4605,False,False,0.1
534,{C994A8F3-816A-447D-8BDA-F7F93875F150},2020-05-07,47.765691,-122.485741,Unverified,0.4734,False,False,0.1
535,{90EDB62B-A438-4B32-9402-0F82E6B6D2E7},2020-05-07,47.520649,-122.352797,Unverified,0.3734,False,False,0.1
536,{6AC43D84-1FC3-47D6-B53C-BF2B94C5C5C3},2020-05-07,47.367219,-122.565346,Unverified,0.3986,False,False,0.1
537,{B4F0D79B-3B65-4D79-BCE4-12518656F815},2020-05-07,48.833578,-122.543569,Unverified,0.6914,False,False,0.1
538,{58C09E41-44D1-4931-A304-AA3AF96C5A66},2020-05-07,47.215203,-122.449943,Unverified,0.3282,False,False,0.1
539,{293E7659-D2FD-4B4C-A150-B087177047C3},2020-05-07,47.522213,-122.045838,Unverified,0.6777,False,False,0.1
540,{AA9883EC-CDA9-4CDF-BA09-4170C44D94F2},2020-05-07,46.23542,-119.09467,Unverified,0.5767,False,False,0.1
541,{9620123A-A4E3-408B-A09C-5DB9D99FAF5E},2020-05-07,48.10025,-119.786157,Unverified,0.4176,False,False,0.1
542,{D2BF8A82-A5CE-42B8-8D05-46222CD2B1FB},2020-05-07,47.707893,-117.438849,Unverified,0.7236,False,False,0.1
543,{02C4053C-4868-4F57-8AA9-405676CAE883},2020-05-07,47.213859,-119.993642,Unverified,0.348,False,False,0.1
544,{652EE34E-348D-4BD8-87C6-B337106D4F33},2020-05-07,47.833234,-122.214359,Unverified,0.4139,False,False,0.1
545,{A65FA368-5EA5-4C6A-B6DF-932BB06A2C37},2020-05-07,47.833205,-122.214381,Unverified,0.3229,False,False,0.1
546,{32CA4CD8-40F7-4A7C-80A5-C33E9CC42523},2020-05-07,47.279815,-122.295034,Unverified,0.5093,False,False,0.1
547,{1641E259-7F78-4049-9827-36A9BBD0197C},2020-05-07,48.061953,-122.160771,Unverified,0.3287,False,False,0.1
548,{492E658F-B9C2-4E69-9987-A2FE6D4EE140},2020-05-07,47.9691,-122.1936,Unverified,0.4951,False,False,0.1
549,{9AD182C9-2273-40E8-9FE3-0AEC07F012B0},2020-05-07,47.833256,-122.214338,Unverified,0.4797,False,False,0.1
550,{44DA213B-32AD-41A9-9011-BAF6D46ADD8C},2020-05-07,47.538492,-122.379784,Unverified,0.6447,False,False,0.1
551,{44F0EA0D-041F-4960-B83F-DAF84BD618A8},2020-05-07,46.753147,-116.985788,Unverified,0.7687,False,False,0.1
552,{838F0F82-3840-4F3F-9C43-D3C1A9AEF905},2020-05-07,48.898007,-122.640606,Unverified,0.5314,False,False,0.1
553,{CA7EA2DF-DA44-4712-B039-313DE3415AC3},2020-05-07,49.001241,-123.058061,Unverified,0.7797,False,False,0.1
554,{9BAAF422-0BF2-427A-B42B-3B2533A771F2},2020-05-07,49.001248,-123.058072,Unverified,0.5427,False,False,0.1
555,{22D3C934-EECF-408B-B901-36714540A151},2020-05-07,47.712907,-122.196772,Unverified,0.4732,False,False,0.1
556,{6D09F85B-AE29-4B1B-BA84-E0BD2AE13E7B},2020-05-07,47.202572,-119.288321,Unverified,0.5995,False,False,0.1
557,{8EDE1A80-D24D-454F-92F9-AF0FE6F737DF},2020-05-07,48.42122,-122.33405,Unverified,0.5241,False,False,0.1
558,{C44B8069-79FB-4D97-835C-AB8050172601},2020-05-07,47.79492,-122.52552,Unverified,0.5117,False,False,0.1
559,{FA9E7423-0FA0-4D52-AE43-79F3A024608E},2020-05-07,48.804397,-122.504951,Unverified,0.6283,False,False,0.1
560,{68A98060-A0AC-48B1-8A26-329EB58B9F50},2020-05-07,48.291872,-122.523503,Unverified,0.4972,False,False,0.1
561,{5B548A4C-1D35-411A-AB8F-6B82BC184CC8},2020-05-07,47.802101,-122.29577,Unverified,0.5037,False,False,0.1
562,{7848E5DA-6F32-4CBA-ACBE-213D9C6C5052},2020-05-07,47.582838,-122.619686,Unverified,0.5559,False,False,0.1
563,{2FAA6ADF-AB95-4E81-9A79-ACFA9C474EDB},2020-05-07,47.11346,-122.29227,Unverified,0.6392,False,False,0.1
564,{DD497641-B9E1-4675-8FB3-9A73E5364367},2020-05-07,48.890419,-122.152405,Unverified,0.5882,False,False,0.1
565,{85F7D71C-98C7-4D8F-AC56-0E203DF223D4},2020-05-08,47.761552,-122.267058,Unverified,0.3358,False,False,0.1
566,{20BCFADC-9701-40D8-BBE0-2147FF4146F4},2020-05-08,47.662922,-117.093958,Unverified,0.3124,False,False,0.1
567,{ED785817-5CAA-4CD9-8216-4A57A9BAC9EF},2020-05-08,47.535811,-122.05061,Unverified,0.3248,False,False,0.1
568,{D63A778B-494B-4FB5-BC14-646B3AED05A2},2020-05-08,47.103437,-122.264616,Unverified,0.4238,False,False,0.1
569,{3246BF6F-80D7-4270-9AD2-101B745DE185},2020-05-08,45.7165,-122.80121,Unverified,0.6845,False,False,0.1
570,{8A7D2056-C928-4AEC-858C-FAD73A1BD39C},2020-05-08,48.913255,-122.001694,Unverified,0.3637,False,False,0.1
571,{93F9CB54-2FC0-47A2-927D-C5050240FE0B},2020-05-08,47.695402,-122.62783400000001,Unverified,0.3228,False,False,0.1
572,{24CB70D8-0CF5-4878-8C75-CBACE68F7FF7},2020-05-08,46.673713,-123.781953,Unverified,0.7303,False,False,0.1
573,{3BB61E0D-ACAE-42C9-A30E-1E6D4283A991},2020-05-08,48.144053,-123.160706,Unverified,0.7349,False,False,0.1
574,{E4E59D21-0BE2-4F69-8D2E-919E3EA0C009},2020-05-08,45.808343,-122.785392,Unverified,0.346,False,False,0.1
575,{9C1823C4-BD73-498D-AEA6-D98455BB5E18},2020-05-08,48.188431,-122.201044,Unverified,0.7564,False,False,0.1
576,{6188DC49-0C85-4E7A-A4F6-6C3311D0CB6C},2020-05-08,46.204945,-119.113535,Unverified,0.669,False,False,0.1
577,{EF552C95-5EAA-461F-BDA9-348171BE601D},2020-05-08,48.922416,-122.153013,Unverified,0.6767,False,False,0.1
578,{F1831FC0-C962-459C-9F98-F99628D8A136},2020-05-08,47.507184,-122.606937,Unverified,0.4298,False,False,0.1
579,{120BA2FE-6321-4B5A-9B88-160EB42F7B35},2020-05-08,47.710436,-122.317856,Unverified,0.448,False,False,0.1
580,{F6ED83A4-919F-49EA-9097-705D3C33AAE0},2020-05-08,46.235758,-119.215773,Unverified,0.6232,False,False,0.1
581,{978EC5AF-D5DC-4BE5-9D79-E9A0C194059C},2020-05-08,48.34129,-122.34526,Unverified,0.7278,False,False,0.1
582,{75CE07A1-9DEE-433C-AF2B-245690C9C2E8},2020-05-08,48.34129,-122.34526,Unverified,0.5863,False,False,0.1
583,{B11A3D88-DE37-4D15-A008-04D1009F90AE},2020-05-08,48.087746,-122.147748,Unverified,0.608,False,False,0.1
584,{3D6F4170-F9A6-4008-9643-26442003B95D},2020-05-08,48.75235,-122.47122,Unverified,0.5061,False,False,0.1
585,{C011F557-1F8D-41C7-8865-E49FE2018A3A},2020-05-08,47.547755,-119.458072,Unverified,0.6662,False,False,0.1
586,{C1D6E2FA-8EB7-4D44-BF1C-71FF1186CD14},2020-05-08,48.752578,-122.622509,Unverified,0.432,False,False,0.1
587,{3536FDA1-19E4-4D33-A54A-5A6E33E75EC1},2020-05-08,48.89047,-122.152721,Unverified,0.6848,False,False,0.1
588,{AA19FA96-ED6D-472D-80E0-C83E9BD70F2C},2020-05-08,47.581661,-121.98741,Unverified,0.6817,False,False,0.1
589,{C1B471F5-E378-4D3B-BA20-C1B05D9111A1},2020-05-08,47.956732,-122.242694,Unverified,0.6087,False,False,0.1
590,{07E3E554-466E-489A-951B-17082736EF75},2020-05-08,48.205968,-122.266643,Unverified,0.7433,False,False,0.1
591,{79E73976-2BF7-44B0-A7DE-0454F6A71551},2020-05-08,47.757108,-122.663618,Unverified,0.372,False,False,0.1
592,{F291CF08-E961-4676-86F1-B7415460DD4D},2020-05-08,47.141193,-122.927118,Unverified,0.3168,False,False,0.1
593,{91FC13D0-CD51-42D7-8119-A679CB2815CB},2020-05-08,48.771755,-122.416206,Unverified,0.3188,False,False,0.1
594,{7BC2BEAD-5CF2-4072-9714-78AF1451B3A9},2020-05-08,48.345613,-121.145297,Unverified,0.5932,False,False,0.1
595,{150D6E49-251B-4A72-80B2-F6DAE5E684DA},2020-05-08,48.600269,-122.89346,Unverified,0.6988,False,False,0.1
596,{841B6548-38EE-4AA9-94E9-B86382064E5A},2020-05-08,47.679976,-122.364539,Unverified,0.6798,False,False,0.1
597,{6DA1BA80-4996-4156-B375-BE41190A6AAB},2020-05-08,47.488659,-122.564227,Unverified,0.544,False,False,0.1
598,{7C7EE1A3-8D97-487D-9D6B-FCBB661B673A},2020-05-08,48.54657,-117.90454,Unverified,0.6934,False,False,0.1
599,{F90FD7B6-06BD-444C-87FC-9974440BB0D6},2020-05-08,47.529986,-122.073304,Unverified,0.4496,False,False,0.1
600,{AB838B92-4BC2-47CE-9033-D6D2A8120D9E},2020-05-08,47.692788,-122.362586,Unverified,0.675,False,False,0.1
601,{655F14D4-08D5-474B-BB19-A77EBF47692C},2020-05-08,48.499255,-122.664617,Unverified,0.3507,False,False,0.1
602,{8D27F6A9-5BFE-42E1-B0A5-4DCE96FF76B1},2020-05-08,47.256573,-122.472335,Unverified,0.4525,False,False,0.1
603,{372B381D-2478-4B7C-AC00-02878635F849},2020-05-08,48.767306,-122.44893,Unverified,0.389,False,False,0.1
604,{8B404C22-17EA-48D7-B5EB-69B4FE03DDD2},2020-05-08,47.531865,-122.03164,Unverified,0.4468,False,False,0.1
605,{BE25A743-8429-4354-87A4-BF4649CFA737},2020-05-08,47.685672,-122.386464,Unverified,0.4882,False,False,0.1
606,{BF8A9204-34E2-4A90-BA5F-343F6E9748FF},2020-05-08,47.685672,-122.386464,Unverified,0.6378,False,False,0.1
607,{0DAA9635-5897-47AD-8D85-2673885F0C11},2020-05-08,47.648364,-117.184539,Unverified,0.3797,False,False,0.1
608,{E8A7A23A-BF6D-4BB8-90F8-A3707FFD8972},2020-05-08,48.999051,-122.754627,Unverified,0.4479,False,False,0.1
609,{AF50BCE8-F298-438B-9A7A-A1A1DA2800AE},2020-05-08,47.648367,-117.184725,Unverified,0.5092,False,False,0.1
610,{4EC2E988-E318-4F05-87CF-B237064B14EB},2020-05-08,48.024941,-122.694872,Unverified,0.7044,False,False,0.1
611,{25EC0B93-772C-4417-9BBC-C1B6DA4A414F},2020-05-09,47.480287,-122.162668,Unverified,0.4692,False,False,0.1
612,{32FC433E-A630-404C-B156-A5D97EE53048},2020-05-09,47.945295,-122.098275,Unverified,0.5108,False,False,0.1
613,{3D97022E-5F57-43BE-909B-A85326FB8E52},2020-05-09,48.832425,-122.592998,Unverified,0.3119,False,False,0.1
614,{A4B76680-7ED0-472F-8B9A-E83F3045D2AF},2020-05-09,48.187914,-122.127003,Unverified,0.5988,False,False,0.1
615,{D74B6DE0-E61B-4C3B-80A7-B7E5877B9FD3},2020-05-09,47.890858,-122.15857,Unverified,0.3061,False,False,0.1
616,{43FD9753-0FDF-4E96-9103-AFF69F09C571},2020-05-09,47.256559,-122.47259,Unverified,0.6229,False,False,0.1
617,{B36BD03C-B8C5-409F-85CC-34EAED9845ED},2020-05-09,48.92032,-122.628865,Unverified,0.5465,False,False,0.1
618,{0D8A737F-7F89-493B-8F0A-15D461DE4C9A},2020-05-09,47.70249,-122.626208,Unverified,0.5147,False,False,0.1
619,{C3E58D2F-36A5-42D9-8A59-D07BA088AF1B},2020-05-09,47.48279,-120.327216,Unverified,0.361,False,False,0.1
620,{30E27ED6-8553-4B6F-B8A4-D512ECDE1CD0},2020-05-09,48.957224,-122.652311,Unverified,0.5136,False,False,0.1
621,{C20E4839-6390-4CF8-B9F4-3FF53CE1EAA6},2020-05-09,48.960562,-122.443451,Unverified,0.7019,False,False,0.1
622,{F6C96A97-2E34-454F-8F7E-866168411D4A},2020-05-09,47.016371,-122.785338,Unverified,0.684,False,False,0.1
623,{76B3865A-16DD-49C1-9678-B913A5F439F2},2020-05-09,48.708123,-122.504587,Unverified,0.7141,False,False,0.1
624,{EEB52643-EC6E-4C95-A992-00B8A61D5DB7},2020-05-09,47.108943,-122.936944,Unverified,0.4005,False,False,0.1
625,{9176BE06-376F-4871-AA10-F128CCEEA9F0},2020-05-09,48.98383,-123.063558,Unverified,0.6582,False,False,0.1
626,{9185418C-2E70-44B1-ACBB-23C7E1660EE7},2020-05-09,47.771676,-122.578243,Unverified,0.3961,False,False,0.1
627,{C61FBDEB-3C84-4F7C-8CCF-29D4DEED3E01},2020-05-09,48.780432,-122.426519,Unverified,0.4569,False,False,0.1
628,{96A15FDA-01F1-4394-8569-B725D331FF46},2020-05-09,47.588348,-122.24509,Unverified,0.4828,False,False,0.1
629,{05AD5D8D-B2C6-4462-81B5-906BF3E3E00D},2020-05-09,47.582244,-122.383548,Unverified,0.6671,False,False,0.1
630,{A2BAA525-8B37-4B26-AF7B-649C1CD85569},2020-05-09,47.328075,-122.039486,Unverified,0.7333,False,False,0.1
631,{402CDD28-75BB-4531-A7F8-F4D5ACCC736B},2020-05-09,47.420014,-122.438596,Unverified,0.5013,False,False,0.1
632,{5B87BBF7-6A08-4DE1-83D3-D461BF5CA2C5},2020-05-09,47.563887,-122.01221,Unverified,0.3594,False,False,0.1
633,{0CCAA991-C1F4-4E21-93B0-B421B931210F},2020-05-09,47.563671,-122.012172,Unverified,0.4704,False,False,0.1
634,{E4F73227-E1F9-4D6D-9E3E-7BE636EC426D},2020-05-09,47.563887,-122.01221,Unverified,0.584,False,False,0.1
635,{51822521-561C-4ADD-A419-186195205DCD},2020-05-09,47.445472,-122.287881,Unverified,0.5993,False,False,0.1
636,{8F665D24-255E-49F2-B0FB-51D25799BD38},2020-05-09,47.854597,-121.926726,Unverified,0.6859,False,False,0.1
637,{B44841EC-7D3A-4891-AAFF-9F5E2A895B89},2020-05-09,47.521699,-122.283431,Unverified,0.7746,False,False,0.1
638,{0961886F-A56F-48FE-BCD3-8F87F30C1CE6},2020-05-09,47.628382,-122.088476,Unverified,0.4301,False,False,0.1
639,{D6235473-DE0A-446B-8D3D-600EF20BE861},2020-05-09,47.798052,-121.559044,Unverified,0.3285,False,False,0.1
640,{44E31EA2-8F3A-4D21-A0F8-6E9E803FA8D2},2020-05-10,47.571801,-122.058107,Unverified,0.6816,False,False,0.1
641,{67602103-F3F0-4C65-943D-A65E3D9D9962},2020-05-10,47.511729,-122.029164,Unverified,0.643,False,False,0.1
642,{A59DFDDB-8292-4D19-A560-23AEE0396FB8},2020-05-10,47.091118,-122.682562,Unverified,0.4474,False,False,0.1
643,{4BE4BFF8-BAEF-4164-ACA3-0842EFAB0F46},2020-05-10,48.07875,-123.12615,Unverified,0.661,False,False,0.1
644,{C3CF6472-BD49-4285-B013-49483E0587BC},2020-05-10,47.137752,-122.321871,Unverified,0.7358,False,False,0.1
645,{8C158665-E406-4213-B86B-D89BBB5C1EA7},2020-05-10,47.035506,-122.900333,Unverified,0.5119,False,False,0.1
646,{1D2AEEB7-448F-4750-86A4-E300D0DB298D},2020-05-10,47.731662,-122.201244,Unverified,0.7027,False,False,0.1
647,{4DD88B6C-6027-4F3F-9FB3-7A6CE74D51F9},2020-05-10,47.64321,-117.142029,Unverified,0.6359,False,False,0.1
648,{E5DD36A2-EF67-4AF1-8D42-4D5842F37F93},2020-05-10,47.417355,-122.637451,Unverified,0.6855,False,False,0.1
649,{5EE2790B-F362-4853-90A7-10C6576B80B3},2020-05-10,47.417355,-122.637451,Unverified,0.4549,False,False,0.1
650,{625B0FDA-50CD-4C4C-BCD4-F4FF9173FC11},2020-05-10,47.276271,-122.039378,Unverified,0.552,False,False,0.1
651,{071590E5-2F12-4BED-BBDB-E4E208579D0A},2020-05-10,46.190344,-122.911506,Unverified,0.5089,False,False,0.1
652,{DAABC526-863F-401C-B542-D6DD102B7012},2020-05-10,47.62986,-120.68945,Unverified,0.7049,False,False,0.1
653,{1CAC3D32-E4E4-4303-A6AE-C086CF3C9734},2020-05-10,46.423105,-117.042043,Unverified,0.372,False,False,0.1
654,{C9DC07C1-9A9B-47AC-AB5F-7C1D03C99E42},2020-05-10,47.920784,-122.38585,Unverified,0.572,False,False,0.1
655,{E6F2F8A2-5612-40A8-BAC4-CAABFE708AE5},2020-05-10,47.512323,-117.721467,Unverified,0.3114,False,False,0.1
656,{2E307A21-3D71-4F70-B7C5-5D14D37B7C95},2020-05-10,47.62986,-120.68945,Unverified,0.6519,False,False,0.1
657,{A98ED7C1-8961-4110-B463-18028950CF2E},2020-05-10,47.62986,-120.68945,Unverified,0.3894,False,False,0.1
658,{BCCB63FB-09EF-42F0-B0DF-9B8DA4A1AAB2},2020-05-10,47.623028,-122.202568,Unverified,0.7583,False,False,0.1
659,{F4BAE5DD-31B5-40C6-A3AF-8E400489F9D4},2020-05-10,48.008461,-122.568649,Unverified,0.4364,False,False,0.1
660,{87CD019E-B927-4A68-87A6-38F0B1E1B0ED},2020-05-10,48.202842,-122.310685,Unverified,0.7444,False,False,0.1
661,{DD6E01F3-C9E3-45FA-817A-E4BCDFC37AAC},2020-05-10,47.793138,-122.276812,Unverified,0.726,False,False,0.1
662,{6503D1D6-2171-4DEF-96DD-ECEF78A655BF},2020-05-10,47.162526,-122.810227,Unverified,0.6577,False,False,0.1
663,{C898151F-1DF2-4B10-81C6-CC48BE003938},2020-05-10,47.497239,-122.376487,Unverified,0.6433,False,False,0.1
664,{C3A16D90-56AA-4037-85AC-E3E3B73CA1E4},2020-05-10,48.746531,-122.427553,Unverified,0.6697,False,False,0.1
665,{2E45994B-8039-49ED-BDC5-DECA380347B8},2020-05-10,47.907658,-122.678874,Unverified,0.3517,False,False,0.1
666,{B2A5DFF0-D6E4-4F9D-AE65-408DCFC6D2CA},2020-05-11,47.62986,-120.68945,Unverified,0.3877,False,False,0.1
667,{E708056B-98C6-42D1-B349-DCEC8F96CF70},2020-05-11,47.459452,-122.357655,Unverified,0.4054,False,False,0.1
668,{4D9F3C91-046E-4931-A8D5-6986B8781848},2020-05-11,47.68781,-122.669589,Unverified,0.3494,False,False,0.1
669,{66434C91-71CA-43A4-A7CA-F8B492704E6D},2020-05-11,48.776223,-121.820152,Unverified,0.6197,False,False,0.1
670,{BDBB22C5-8F84-4A7E-A788-7ECBACE6CD01},2020-05-11,47.353364,-122.211859,Unverified,0.3057,False,False,0.1
671,{39933C38-C111-41DE-BA56-9ADF8C7A95C3},2020-05-11,48.670776,-122.556451,Unverified,0.4302,False,False,0.1
672,{A5EBE786-D1B0-4EB2-98E7-E22E9445E63A},2020-05-11,47.565472,-122.135335,Unverified,0.3287,False,False,0.1
673,{FF04E45B-878D-4CFB-986C-516CEB870692},2020-05-11,47.618391,-122.191666,Unverified,0.6813,False,False,0.1
674,{99B2A723-1B65-4BA0-ABAE-91542A8CF15F},2020-05-11,48.75235,-122.47122,Unverified,0.6117,False,False,0.1
675,{190654D3-FFF5-44E4-9B40-4779FA2F92E6},2020-05-11,47.385209,-122.044826,Unverified,0.3648,False,False,0.1
676,{73E2BA93-DD14-485C-95AA-44B4C90C0053},2020-05-11,47.72175,-120.18405,Unverified,0.7262,False,False,0.1
677,{3B9C62CF-CE41-4056-8CEB-0BC06879B342},2020-05-11,47.574889,-122.223924,Unverified,0.3334,False,False,0.1
678,{4CB7833B-57AF-4542-9BEB-C4308CA42D82},2020-05-11,48.764641,-122.488421,Unverified,0.7726,False,False,0.1
679,{C92FF96E-9EB1-429C-BB78-8F92D42BCA47},2020-05-11,47.191265,-122.565487,Unverified,0.767,False,False,0.1
680,{91CBB1D8-643F-4BEE-A181-79A9BC604563},2020-05-11,48.764023,-122.488434,Unverified,0.6292,False,False,0.1
681,{10935A53-BC63-4AB4-A4F2-65922787A768},2020-05-11,48.671553,-121.275845,Unverified,0.3433,False,False,0.1
682,{D20832E6-50C5-473F-96ED-C5E227D15BC5},2020-05-11,47.637093,-122.189329,Unverified,0.3249,False,False,0.1
683,{1B8EC286-4655-4927-9B08-D76738869233},2020-05-11,47.10236,-122.58724,Unverified,0.3669,False,False,0.1
684,{421EE892-BC0E-49A4-AE60-CAC06A224B13},2020-05-12,48.702931,-122.911457,Unverified,0.5816,False,False,0.1
685,{FB0012A8-9767-4661-83C8-91DD86B870EB},2020-05-12,48.738894,-122.491689,Unverified,0.6474,False,False,0.1
686,{BD643C9E-E5E4-4B12-98FF-919F8D84D374},2020-05-12,48.927932,-122.137019,Unverified,0.6273,False,False,0.1
687,{29166E2B-1747-4878-9F20-1ADEEB12DE02},2020-05-12,47.635832,-122.113291,Unverified,0.5058,False,False,0.1
688,{C07FC467-8CAD-4A95-B48E-16EAF04ABD55},2020-05-12,47.675517,-117.095459,Unverified,0.4869,False,False,0.1
689,{BE6FAC9D-AD59-4895-A9C7-2584744F2DE7},2020-05-12,48.84756,-122.59351,Unverified,0.3732,False,False,0.1
690,{5A956348-DC06-4325-BF6A-B56907F0DBEF},2020-05-12,48.50824,-122.23858,Unverified,0.6072,False,False,0.1
691,{277C8B38-1597-49BF-A453-06BEEE5D92EB},2020-05-12,47.182973,-119.387597,Unverified,0.5431,False,False,0.1
692,{A46919A1-567A-4446-8BB7-7235197B9EAC},2020-05-12,47.183312,-119.391119,Unverified,0.7394,False,False,0.1
693,{80E955EB-00C7-4640-B6AA-9773C8503D16},2020-05-12,48.154061,-122.336601,Unverified,0.4533,False,False,0.1
694,{B963DBF2-E1D9-45CC-AE8C-535726FD463E},2020-05-12,47.800476,-122.373598,Unverified,0.3186,False,False,0.1
695,{55B93ECA-6B02-415B-BBAF-158A9B287B7C},2020-05-12,48.054142,-122.156769,Unverified,0.3022,False,False,0.1
696,{7F4C95F9-8F1E-4CE8-92AF-A933E22B51BD},2020-05-12,48.054153,-122.156647,Unverified,0.5436,True,False,0.2043
697,{B700D679-7205-4E34-BA48-DFE9C23AF83F},2020-05-12,47.732628,-122.7303,Unverified,0.7088,False,False,0.1
698,{50A37E9A-96A6-40CF-8BD7-82CD5D5CB5B5},2020-05-12,47.653198,-121.91749,Unverified,0.3562,False,False,0.1
699,{AE9E8D34-2417-4F0F-9E3E-B680B48A9BD0},2020-05-12,47.700118,-122.317628,Unverified,0.3361,False,False,0.1
700,{92D17D4D-3251-410E-B1B0-5AA9BECA9678},2020-05-12,47.268189,-122.471635,Negative ID,0.7734,True,False,0.3203
701,{CAE134DF-A46F-4707-AC92-59BF287D224C},2020-05-12,48.755202,-122.613553,Unverified,0.3089,False,False,0.1
702,{A250A974-215C-482C-9632-1B3ACCF750F1},2020-05-12,48.040075,-122.42349,Negative ID,0.3961,True,False,0.2043
703,{F8DEFC50-89AA-4262-B7CA-40596FBE3FE3},2020-05-12,48.260485,-117.749912,Negative ID,0.7358,True,False,0.2043
704,{77E72D82-CB2A-4D25-87E6-9656479B229E},2020-05-12,47.00379,-123.40382,Negative ID,0.4361,True,False,0.2043
705,{2CE88ACB-6B4B-4357-91F1-813D079B5057},2020-05-13,47.918493,-122.099645,Negative ID,0.5954,True,False,0.5522
706,{85411F65-B0D8-4D89-B654-684B14F3DE1F},2020-05-13,47.84329,-120.02318,Negative ID,0.5479,True,False,0.2043
707,{3F38AF5B-E2CA-4771-AECF-2291773C9198},2020-05-13,47.151494,-119.28453,Unverified,0.6164,False,False,0.1
708,{84B44BF3-9A63-4A3E-A1D1-AFAC41FC0AEC},2020-05-13,47.742147,-117.468168,Unverified,0.6601,False,False,0.1
709,{79593AD4-D8F9-42AD-A56C-C8006EE5C083},2020-05-13,47.617465,-122.333842,Negative ID,0.655,True,False,0.4362
710,{27D48621-8C7D-4F96-8C16-EFA764D765E0},2020-05-13,47.59173,-117.41351,Negative ID,0.3178,True,False,0.2043
711,{4AFECC2C-E471-42CC-93E3-75D6EE69A42A},2020-05-13,47.879027,-122.003319,Unverified,0.7229,False,False,0.1
712,{361ED665-26DC-4E76-9C4D-F27E37156B20},2020-05-13,47.470068,-121.747172,Negative ID,0.5664,True,False,0.4362
713,{E839F3CB-1636-4C2A-B175-42DF580CEFBA},2020-05-14,47.19893,-122.239585,Unverified,0.4458,False,False,0.1
714,{39FFB125-75E0-4317-A4F3-260CDC06A030},2020-05-14,47.30775,-122.523616,Unverified,0.7822,False,False,0.1
715,{8B82354E-FA2F-40D9-A1AA-087FF730F9D6},2020-05-14,48.75235,-122.47122,Negative ID,0.3508,True,False,0.2043
716,{69CB8F8E-1828-419C-A03E-E559211FD7BF},2020-05-14,47.378451,-122.944577,Unverified,0.5057,False,False,0.1
717,{4C3E63E3-F727-4BB0-B346-D367BE02246B},2020-05-14,48.112215,-122.172661,Unverified,0.436,False,False,0.1
718,{23A819C1-3CD5-40FD-BE63-E9F9649D9F88},2020-05-14,48.570304,-122.648863,Unverified,0.6644,False,False,0.1
719,{85EFF589-E50D-49E7-A272-6864425FED7D},2020-05-14,47.451139,-122.267277,Negative ID,0.7644,True,False,0.2043
720,{9F5E8DE6-2505-4EF9-BDAD-DB1D26F1CA54},2020-05-14,47.62984,-120.68945,Unverified,0.6682,False,False,0.1
721,{D3A8553C-5770-4D61-B320-F399D9FD502D},2020-05-14,48.137842,-122.792983,Negative ID,0.7486,True,False,0.2043
722,{E9E63212-6325-4377-A8F2-5FE569399FF7},2020-05-14,47.183252,-122.203503,Unverified,0.6857,False,False,0.1
723,{BD522791-708B-4E9B-9225-64016C6A42D5},2020-05-14,47.2022,-122.24,Negative ID,0.309,True,False,0.3203
724,{37CABA69-C18F-49F8-B635-30527B27DF75},2020-05-14,48.237543,-122.156276,Negative ID,0.7235,True,False,0.2043
